current_image,is_repeat,trial_index,is_blank_trial,is_new_run,run_num,all_blanks_list
images/24_40 copy 2.jpg,0,0,0,0,0,"[9, 19, 29, 39, 49, 59, 68, 69, 70, 71]"
images/pair05 copy 3.jpg,0,1,0,0,0,"[9, 19, 29, 39, 49, 59, 68, 69, 70, 71]"
images/pair06 copy 6.jpg,0,2,0,0,0,"[9, 19, 29, 39, 49, 59, 68, 69, 70, 71]"
images/22_28 copy 4.jpg,0,3,0,0,0,"[9, 19, 29, 39, 49, 59, 68, 69, 70, 71]"
images/22_40.jpg,0,4,0,0,0,"[9, 19, 29, 39, 49, 59, 68, 69, 70, 71]"
images/pair01.jpg,0,5,0,0,0,"[9, 19, 29, 39, 49, 59, 68, 69, 70, 71]"
images/pair11 copy 3.jpg,0,6,0,0,0,"[9, 19, 29, 39, 49, 59, 68, 69, 70, 71]"
images/9_0 copy 5.jpg,0,7,0,0,0,"[9, 19, 29, 39, 49, 59, 68, 69, 70, 71]"
images/pair18 copy 3.jpg,0,8,0,0,0,"[9, 19, 29, 39, 49, 59, 68, 69, 70, 71]"
images/blank.jpg,0,9,1,0,0,"[9, 19, 29, 39, 49, 59, 68, 69, 70, 71]"
images/12_0 copy 5.jpg,0,10,0,0,0,"[9, 19, 29, 39, 49, 59, 68, 69, 70, 71]"
images/pair11 copy 7.jpg,0,11,0,0,0,"[9, 19, 29, 39, 49, 59, 68, 69, 70, 71]"
images/24_40.jpg,0,12,0,0,0,"[9, 19, 29, 39, 49, 59, 68, 69, 70, 71]"
images/20_0 copy 3.jpg,0,13,0,0,0,"[9, 19, 29, 39, 49, 59, 68, 69, 70, 71]"
images/15_12 copy 2.jpg,0,14,0,0,0,"[9, 19, 29, 39, 49, 59, 68, 69, 70, 71]"
images/12_0.jpg,0,15,0,0,0,"[9, 19, 29, 39, 49, 59, 68, 69, 70, 71]"
images/20_0 copy 3.jpg,0,16,0,0,0,"[9, 19, 29, 39, 49, 59, 68, 69, 70, 71]"
images/13_28.jpg,0,17,0,0,0,"[9, 19, 29, 39, 49, 59, 68, 69, 70, 71]"
images/15_40 copy.jpg,0,18,0,0,0,"[9, 19, 29, 39, 49, 59, 68, 69, 70, 71]"
images/blank.jpg,0,19,1,0,0,"[9, 19, 29, 39, 49, 59, 68, 69, 70, 71]"
images/pair06 copy.jpg,0,20,0,0,0,"[9, 19, 29, 39, 49, 59, 68, 69, 70, 71]"
images/20_40 copy 4.jpg,0,21,0,0,0,"[9, 19, 29, 39, 49, 59, 68, 69, 70, 71]"
images/10_40 copy 3.jpg,0,22,0,0,0,"[9, 19, 29, 39, 49, 59, 68, 69, 70, 71]"
images/17_12 copy 3.jpg,0,23,0,0,0,"[9, 19, 29, 39, 49, 59, 68, 69, 70, 71]"
images/23_0 copy 7.jpg,0,24,0,0,0,"[9, 19, 29, 39, 49, 59, 68, 69, 70, 71]"
images/23_40 copy 6.jpg,0,25,0,0,0,"[9, 19, 29, 39, 49, 59, 68, 69, 70, 71]"
images/19_28 copy 6.jpg,0,26,0,0,0,"[9, 19, 29, 39, 49, 59, 68, 69, 70, 71]"
images/5_28 copy 2.jpg,0,27,0,0,0,"[9, 19, 29, 39, 49, 59, 68, 69, 70, 71]"
images/18_0 copy 3.jpg,0,28,0,0,0,"[9, 19, 29, 39, 49, 59, 68, 69, 70, 71]"
images/blank.jpg,0,29,1,0,0,"[9, 19, 29, 39, 49, 59, 68, 69, 70, 71]"
images/9_28 copy 7.jpg,0,30,0,0,0,"[9, 19, 29, 39, 49, 59, 68, 69, 70, 71]"
images/6_40 copy 2.jpg,0,31,0,0,0,"[9, 19, 29, 39, 49, 59, 68, 69, 70, 71]"
images/23_40 copy 7.jpg,0,32,0,0,0,"[9, 19, 29, 39, 49, 59, 68, 69, 70, 71]"
images/22_40 copy 6.jpg,0,33,0,0,0,"[9, 19, 29, 39, 49, 59, 68, 69, 70, 71]"
images/5_0 copy 7.jpg,0,34,0,0,0,"[9, 19, 29, 39, 49, 59, 68, 69, 70, 71]"
images/13_28 copy 5.jpg,0,35,0,0,0,"[9, 19, 29, 39, 49, 59, 68, 69, 70, 71]"
images/19_0.jpg,0,36,0,0,0,"[9, 19, 29, 39, 49, 59, 68, 69, 70, 71]"
images/pair04.jpg,0,37,0,0,0,"[9, 19, 29, 39, 49, 59, 68, 69, 70, 71]"
images/13_0 copy 2.jpg,0,38,0,0,0,"[9, 19, 29, 39, 49, 59, 68, 69, 70, 71]"
images/blank.jpg,0,39,1,0,0,"[9, 19, 29, 39, 49, 59, 68, 69, 70, 71]"
images/16_12.jpg,0,40,0,0,0,"[9, 19, 29, 39, 49, 59, 68, 69, 70, 71]"
images/21_28 copy 6.jpg,0,41,0,0,0,"[9, 19, 29, 39, 49, 59, 68, 69, 70, 71]"
images/20_28 copy 7.jpg,0,42,0,0,0,"[9, 19, 29, 39, 49, 59, 68, 69, 70, 71]"
images/9_40 copy 3.jpg,0,43,0,0,0,"[9, 19, 29, 39, 49, 59, 68, 69, 70, 71]"
images/pair14 copy 3.jpg,0,44,0,0,0,"[9, 19, 29, 39, 49, 59, 68, 69, 70, 71]"
images/24_0.jpg,0,45,0,0,0,"[9, 19, 29, 39, 49, 59, 68, 69, 70, 71]"
images/10_40 copy 7.jpg,0,46,0,0,0,"[9, 19, 29, 39, 49, 59, 68, 69, 70, 71]"
images/12_40.jpg,0,47,0,0,0,"[9, 19, 29, 39, 49, 59, 68, 69, 70, 71]"
images/22_28 copy.jpg,0,48,0,0,0,"[9, 19, 29, 39, 49, 59, 68, 69, 70, 71]"
images/blank.jpg,0,49,1,0,0,"[9, 19, 29, 39, 49, 59, 68, 69, 70, 71]"
images/7_0 copy 5.jpg,0,50,0,0,0,"[9, 19, 29, 39, 49, 59, 68, 69, 70, 71]"
images/15_40 copy 4.jpg,0,51,0,0,0,"[9, 19, 29, 39, 49, 59, 68, 69, 70, 71]"
images/11_12 copy 7.jpg,0,52,0,0,0,"[9, 19, 29, 39, 49, 59, 68, 69, 70, 71]"
images/6_28.jpg,0,53,0,0,0,"[9, 19, 29, 39, 49, 59, 68, 69, 70, 71]"
images/23_12 copy 3.jpg,0,54,0,0,0,"[9, 19, 29, 39, 49, 59, 68, 69, 70, 71]"
images/15_0.jpg,0,55,0,0,0,"[9, 19, 29, 39, 49, 59, 68, 69, 70, 71]"
images/8_28 copy 2.jpg,0,56,0,0,0,"[9, 19, 29, 39, 49, 59, 68, 69, 70, 71]"
images/pair08 copy 4.jpg,0,57,0,0,0,"[9, 19, 29, 39, 49, 59, 68, 69, 70, 71]"
images/9_0 copy 7.jpg,0,58,0,0,0,"[9, 19, 29, 39, 49, 59, 68, 69, 70, 71]"
images/blank.jpg,0,59,1,0,0,"[9, 19, 29, 39, 49, 59, 68, 69, 70, 71]"
images/12_0 copy 7.jpg,0,60,0,0,0,"[9, 19, 29, 39, 49, 59, 68, 69, 70, 71]"
images/pair06.jpg,0,61,0,0,0,"[9, 19, 29, 39, 49, 59, 68, 69, 70, 71]"
images/pair11 copy.jpg,0,62,0,0,0,"[9, 19, 29, 39, 49, 59, 68, 69, 70, 71]"
images/15_0 copy 4.jpg,0,63,0,0,0,"[9, 19, 29, 39, 49, 59, 68, 69, 70, 71]"
images/18_0 copy 7.jpg,0,64,0,0,0,"[9, 19, 29, 39, 49, 59, 68, 69, 70, 71]"
images/11_12 copy 2.jpg,0,65,0,0,0,"[9, 19, 29, 39, 49, 59, 68, 69, 70, 71]"
images/9_0 copy 5.jpg,0,66,0,0,0,"[9, 19, 29, 39, 49, 59, 68, 69, 70, 71]"
images/11_0 copy 4.jpg,0,67,0,0,0,"[9, 19, 29, 39, 49, 59, 68, 69, 70, 71]"
images/blank.jpg,0,68,1,0,0,"[9, 19, 29, 39, 49, 59, 68, 69, 70, 71]"
images/blank.jpg,0,69,1,0,0,"[9, 19, 29, 39, 49, 59, 68, 69, 70, 71]"
images/blank.jpg,0,70,1,0,0,"[9, 19, 29, 39, 49, 59, 68, 69, 70, 71]"
images/blank.jpg,0,71,1,1,0,"[9, 19, 29, 39, 49, 59, 68, 69, 70, 71]"
images/16_0 copy 7.jpg,0,0,0,0,1,"[9, 19, 31, 42, 56, 68, 69, 70, 71]"
images/pair18 copy 7.jpg,0,1,0,0,1,"[9, 19, 31, 42, 56, 68, 69, 70, 71]"
images/22_28 copy 7.jpg,0,2,0,0,1,"[9, 19, 31, 42, 56, 68, 69, 70, 71]"
images/22_40 copy 5.jpg,0,3,0,0,1,"[9, 19, 31, 42, 56, 68, 69, 70, 71]"
images/pair03.jpg,0,4,0,0,1,"[9, 19, 31, 42, 56, 68, 69, 70, 71]"
images/blank.jpg,0,5,0,0,1,"[9, 19, 31, 42, 56, 68, 69, 70, 71]"
images/14_12 copy 3.jpg,0,6,0,0,1,"[9, 19, 31, 42, 56, 68, 69, 70, 71]"
images/8_0 copy 7.jpg,0,7,0,0,1,"[9, 19, 31, 42, 56, 68, 69, 70, 71]"
images/10_28 copy 3.jpg,0,8,0,0,1,"[9, 19, 31, 42, 56, 68, 69, 70, 71]"
images/blank.jpg,0,9,1,0,1,"[9, 19, 31, 42, 56, 68, 69, 70, 71]"
images/7_28 copy 4.jpg,0,10,0,0,1,"[9, 19, 31, 42, 56, 68, 69, 70, 71]"
images/24_12 copy 7.jpg,0,11,0,0,1,"[9, 19, 31, 42, 56, 68, 69, 70, 71]"
images/23_40 copy 3.jpg,0,12,0,0,1,"[9, 19, 31, 42, 56, 68, 69, 70, 71]"
images/17_28 copy 4.jpg,0,13,0,0,1,"[9, 19, 31, 42, 56, 68, 69, 70, 71]"
images/15_0 copy 4.jpg,0,14,0,0,1,"[9, 19, 31, 42, 56, 68, 69, 70, 71]"
images/7_12 copy.jpg,0,15,0,0,1,"[9, 19, 31, 42, 56, 68, 69, 70, 71]"
images/6_12 copy 4.jpg,0,16,0,0,1,"[9, 19, 31, 42, 56, 68, 69, 70, 71]"
images/24_0.jpg,0,17,0,0,1,"[9, 19, 31, 42, 56, 68, 69, 70, 71]"
images/21_12 copy 3.jpg,0,18,0,0,1,"[9, 19, 31, 42, 56, 68, 69, 70, 71]"
images/blank.jpg,0,19,1,0,1,"[9, 19, 31, 42, 56, 68, 69, 70, 71]"
images/pair14 copy 7.jpg,0,20,0,0,1,"[9, 19, 31, 42, 56, 68, 69, 70, 71]"
images/14_28 copy 5.jpg,0,21,0,0,1,"[9, 19, 31, 42, 56, 68, 69, 70, 71]"
images/20_40 copy 6.jpg,0,22,0,0,1,"[9, 19, 31, 42, 56, 68, 69, 70, 71]"
images/5_12 copy 6.jpg,0,23,0,0,1,"[9, 19, 31, 42, 56, 68, 69, 70, 71]"
images/pair10 copy.jpg,0,24,0,0,1,"[9, 19, 31, 42, 56, 68, 69, 70, 71]"
images/10_12 copy 2.jpg,0,25,0,0,1,"[9, 19, 31, 42, 56, 68, 69, 70, 71]"
images/15_12 copy 7.jpg,0,26,0,0,1,"[9, 19, 31, 42, 56, 68, 69, 70, 71]"
images/11_40 copy.jpg,0,27,0,0,1,"[9, 19, 31, 42, 56, 68, 69, 70, 71]"
images/11_12 copy 3.jpg,0,28,0,0,1,"[9, 19, 31, 42, 56, 68, 69, 70, 71]"
images/14_40 copy 3.jpg,0,29,0,0,1,"[9, 19, 31, 42, 56, 68, 69, 70, 71]"
images/7_28 copy 6.jpg,0,30,0,0,1,"[9, 19, 31, 42, 56, 68, 69, 70, 71]"
images/blank.jpg,0,31,1,0,1,"[9, 19, 31, 42, 56, 68, 69, 70, 71]"
images/22_0 copy 6.jpg,0,32,0,0,1,"[9, 19, 31, 42, 56, 68, 69, 70, 71]"
images/22_40 copy 7.jpg,0,33,0,0,1,"[9, 19, 31, 42, 56, 68, 69, 70, 71]"
images/6_28 copy 7.jpg,0,34,0,0,1,"[9, 19, 31, 42, 56, 68, 69, 70, 71]"
images/13_12 copy 3.jpg,0,35,0,0,1,"[9, 19, 31, 42, 56, 68, 69, 70, 71]"
images/24_12 copy 2.jpg,0,36,0,0,1,"[9, 19, 31, 42, 56, 68, 69, 70, 71]"
images/20_28 copy 5.jpg,0,37,0,0,1,"[9, 19, 31, 42, 56, 68, 69, 70, 71]"
images/20_12 copy 6.jpg,0,38,0,0,1,"[9, 19, 31, 42, 56, 68, 69, 70, 71]"
images/7_0 copy 7.jpg,0,39,0,0,1,"[9, 19, 31, 42, 56, 68, 69, 70, 71]"
images/.DS_Store,0,40,0,0,1,"[9, 19, 31, 42, 56, 68, 69, 70, 71]"
images/pair02 copy 4.jpg,0,41,0,0,1,"[9, 19, 31, 42, 56, 68, 69, 70, 71]"
images/blank.jpg,0,42,1,0,1,"[9, 19, 31, 42, 56, 68, 69, 70, 71]"
images/5_12 copy 2.jpg,0,43,0,0,1,"[9, 19, 31, 42, 56, 68, 69, 70, 71]"
images/pair18 copy 6.jpg,0,44,0,0,1,"[9, 19, 31, 42, 56, 68, 69, 70, 71]"
images/23_40 copy 4.jpg,0,45,0,0,1,"[9, 19, 31, 42, 56, 68, 69, 70, 71]"
images/5_0.jpg,0,46,0,0,1,"[9, 19, 31, 42, 56, 68, 69, 70, 71]"
images/pair16 copy 3.jpg,0,47,0,0,1,"[9, 19, 31, 42, 56, 68, 69, 70, 71]"
images/pair17.jpg,0,48,0,0,1,"[9, 19, 31, 42, 56, 68, 69, 70, 71]"
images/21_0 copy 4.jpg,0,49,0,0,1,"[9, 19, 31, 42, 56, 68, 69, 70, 71]"
images/20_40 copy 6.jpg,0,50,0,0,1,"[9, 19, 31, 42, 56, 68, 69, 70, 71]"
images/pair01 copy 3.jpg,0,51,0,0,1,"[9, 19, 31, 42, 56, 68, 69, 70, 71]"
images/6_40 copy 2.jpg,0,52,0,0,1,"[9, 19, 31, 42, 56, 68, 69, 70, 71]"
images/17_28 copy 7.jpg,0,53,0,0,1,"[9, 19, 31, 42, 56, 68, 69, 70, 71]"
images/13_28 copy.jpg,0,54,0,0,1,"[9, 19, 31, 42, 56, 68, 69, 70, 71]"
images/pair04 copy 5.jpg,0,55,0,0,1,"[9, 19, 31, 42, 56, 68, 69, 70, 71]"
images/blank.jpg,0,56,1,0,1,"[9, 19, 31, 42, 56, 68, 69, 70, 71]"
images/23_12.jpg,0,57,0,0,1,"[9, 19, 31, 42, 56, 68, 69, 70, 71]"
images/pair08 copy 5.jpg,0,58,0,0,1,"[9, 19, 31, 42, 56, 68, 69, 70, 71]"
images/7_28 copy.jpg,0,59,0,0,1,"[9, 19, 31, 42, 56, 68, 69, 70, 71]"
images/16_28 copy 7.jpg,0,60,0,0,1,"[9, 19, 31, 42, 56, 68, 69, 70, 71]"
images/21_40 copy 7.jpg,0,61,0,0,1,"[9, 19, 31, 42, 56, 68, 69, 70, 71]"
images/11_12 copy 5.jpg,0,62,0,0,1,"[9, 19, 31, 42, 56, 68, 69, 70, 71]"
images/8_12 copy 7.jpg,0,63,0,0,1,"[9, 19, 31, 42, 56, 68, 69, 70, 71]"
images/17_40 copy 3.jpg,0,64,0,0,1,"[9, 19, 31, 42, 56, 68, 69, 70, 71]"
images/19_28 copy 4.jpg,0,65,0,0,1,"[9, 19, 31, 42, 56, 68, 69, 70, 71]"
images/7_28 copy 4.jpg,0,66,0,0,1,"[9, 19, 31, 42, 56, 68, 69, 70, 71]"
images/20_28 copy 4.jpg,0,67,0,0,1,"[9, 19, 31, 42, 56, 68, 69, 70, 71]"
images/blank.jpg,0,68,1,0,1,"[9, 19, 31, 42, 56, 68, 69, 70, 71]"
images/blank.jpg,0,69,1,0,1,"[9, 19, 31, 42, 56, 68, 69, 70, 71]"
images/blank.jpg,0,70,1,0,1,"[9, 19, 31, 42, 56, 68, 69, 70, 71]"
images/blank.jpg,0,71,1,1,1,"[9, 19, 31, 42, 56, 68, 69, 70, 71]"
images/15_12 copy 5.jpg,0,0,0,0,2,"[9, 19, 29, 39, 49, 59, 68, 69, 70, 71]"
images/15_0 copy 7.jpg,0,1,0,0,2,"[9, 19, 29, 39, 49, 59, 68, 69, 70, 71]"
images/6_28 copy 7.jpg,0,2,0,0,2,"[9, 19, 29, 39, 49, 59, 68, 69, 70, 71]"
images/5_28 copy 2.jpg,0,3,0,0,2,"[9, 19, 29, 39, 49, 59, 68, 69, 70, 71]"
images/13_40 copy 6.jpg,0,4,0,0,2,"[9, 19, 29, 39, 49, 59, 68, 69, 70, 71]"
images/14_40 copy 3.jpg,0,5,0,0,2,"[9, 19, 29, 39, 49, 59, 68, 69, 70, 71]"
images/11_28 copy 3.jpg,0,6,0,0,2,"[9, 19, 29, 39, 49, 59, 68, 69, 70, 71]"
images/23_28 copy 5.jpg,0,7,0,0,2,"[9, 19, 29, 39, 49, 59, 68, 69, 70, 71]"
images/17_0.jpg,0,8,0,0,2,"[9, 19, 29, 39, 49, 59, 68, 69, 70, 71]"
images/blank.jpg,0,9,1,0,2,"[9, 19, 29, 39, 49, 59, 68, 69, 70, 71]"
images/8_12 copy 2.jpg,0,10,0,0,2,"[9, 19, 29, 39, 49, 59, 68, 69, 70, 71]"
images/14_28 copy 3.jpg,0,11,0,0,2,"[9, 19, 29, 39, 49, 59, 68, 69, 70, 71]"
images/14_28 copy 5.jpg,0,12,0,0,2,"[9, 19, 29, 39, 49, 59, 68, 69, 70, 71]"
images/13_0 copy 6.jpg,0,13,0,0,2,"[9, 19, 29, 39, 49, 59, 68, 69, 70, 71]"
images/pair17 copy 2.jpg,0,14,0,0,2,"[9, 19, 29, 39, 49, 59, 68, 69, 70, 71]"
images/8_40 copy 3.jpg,0,15,0,0,2,"[9, 19, 29, 39, 49, 59, 68, 69, 70, 71]"
images/5_12 copy 2.jpg,0,16,0,0,2,"[9, 19, 29, 39, 49, 59, 68, 69, 70, 71]"
images/10_0 copy 7.jpg,0,17,0,0,2,"[9, 19, 29, 39, 49, 59, 68, 69, 70, 71]"
images/12_28 copy 5.jpg,0,18,0,0,2,"[9, 19, 29, 39, 49, 59, 68, 69, 70, 71]"
images/blank.jpg,0,19,1,0,2,"[9, 19, 29, 39, 49, 59, 68, 69, 70, 71]"
images/16_0 copy 4.jpg,0,20,0,0,2,"[9, 19, 29, 39, 49, 59, 68, 69, 70, 71]"
images/pair16 copy.jpg,0,21,0,0,2,"[9, 19, 29, 39, 49, 59, 68, 69, 70, 71]"
images/pair18 copy 4.jpg,0,22,0,0,2,"[9, 19, 29, 39, 49, 59, 68, 69, 70, 71]"
images/20_0 copy 5.jpg,0,23,0,0,2,"[9, 19, 29, 39, 49, 59, 68, 69, 70, 71]"
images/11_12 copy 5.jpg,0,24,0,0,2,"[9, 19, 29, 39, 49, 59, 68, 69, 70, 71]"
images/pair11 copy 6.jpg,0,25,0,0,2,"[9, 19, 29, 39, 49, 59, 68, 69, 70, 71]"
images/7_12 copy.jpg,0,26,0,0,2,"[9, 19, 29, 39, 49, 59, 68, 69, 70, 71]"
images/7_40 copy 7.jpg,0,27,0,0,2,"[9, 19, 29, 39, 49, 59, 68, 69, 70, 71]"
images/5_12 copy 7.jpg,0,28,0,0,2,"[9, 19, 29, 39, 49, 59, 68, 69, 70, 71]"
images/blank.jpg,0,29,1,0,2,"[9, 19, 29, 39, 49, 59, 68, 69, 70, 71]"
images/15_40 copy 4.jpg,0,30,0,0,2,"[9, 19, 29, 39, 49, 59, 68, 69, 70, 71]"
images/20_0 copy 4.jpg,0,31,0,0,2,"[9, 19, 29, 39, 49, 59, 68, 69, 70, 71]"
images/14_0 copy 6.jpg,0,32,0,0,2,"[9, 19, 29, 39, 49, 59, 68, 69, 70, 71]"
images/21_12 copy 4.jpg,0,33,0,0,2,"[9, 19, 29, 39, 49, 59, 68, 69, 70, 71]"
images/23_28 copy 4.jpg,0,34,0,0,2,"[9, 19, 29, 39, 49, 59, 68, 69, 70, 71]"
images/pair01 copy 3.jpg,0,35,0,0,2,"[9, 19, 29, 39, 49, 59, 68, 69, 70, 71]"
images/pair07 copy 6.jpg,0,36,0,0,2,"[9, 19, 29, 39, 49, 59, 68, 69, 70, 71]"
images/9_28 copy 4.jpg,0,37,0,0,2,"[9, 19, 29, 39, 49, 59, 68, 69, 70, 71]"
images/12_0 copy 3.jpg,0,38,0,0,2,"[9, 19, 29, 39, 49, 59, 68, 69, 70, 71]"
images/blank.jpg,0,39,1,0,2,"[9, 19, 29, 39, 49, 59, 68, 69, 70, 71]"
images/21_28.jpg,0,40,0,0,2,"[9, 19, 29, 39, 49, 59, 68, 69, 70, 71]"
images/13_0 copy 2.jpg,0,41,0,0,2,"[9, 19, 29, 39, 49, 59, 68, 69, 70, 71]"
images/9_12 copy 6.jpg,0,42,0,0,2,"[9, 19, 29, 39, 49, 59, 68, 69, 70, 71]"
images/pair13.jpg,0,43,0,0,2,"[9, 19, 29, 39, 49, 59, 68, 69, 70, 71]"
images/8_28 copy.jpg,0,44,0,0,2,"[9, 19, 29, 39, 49, 59, 68, 69, 70, 71]"
images/17_12 copy 2.jpg,0,45,0,0,2,"[9, 19, 29, 39, 49, 59, 68, 69, 70, 71]"
images/19_0 copy 3.jpg,0,46,0,0,2,"[9, 19, 29, 39, 49, 59, 68, 69, 70, 71]"
images/13_12 copy 2.jpg,0,47,0,0,2,"[9, 19, 29, 39, 49, 59, 68, 69, 70, 71]"
images/pair16 copy 2.jpg,0,48,0,0,2,"[9, 19, 29, 39, 49, 59, 68, 69, 70, 71]"
images/blank.jpg,0,49,1,0,2,"[9, 19, 29, 39, 49, 59, 68, 69, 70, 71]"
images/10_0 copy 4.jpg,0,50,0,0,2,"[9, 19, 29, 39, 49, 59, 68, 69, 70, 71]"
images/10_12 copy 5.jpg,0,51,0,0,2,"[9, 19, 29, 39, 49, 59, 68, 69, 70, 71]"
images/8_12.jpg,0,52,0,0,2,"[9, 19, 29, 39, 49, 59, 68, 69, 70, 71]"
images/7_28 copy 2.jpg,0,53,0,0,2,"[9, 19, 29, 39, 49, 59, 68, 69, 70, 71]"
images/17_12 copy 4.jpg,0,54,0,0,2,"[9, 19, 29, 39, 49, 59, 68, 69, 70, 71]"
images/10_40 copy.jpg,0,55,0,0,2,"[9, 19, 29, 39, 49, 59, 68, 69, 70, 71]"
images/6_0 copy 5.jpg,0,56,0,0,2,"[9, 19, 29, 39, 49, 59, 68, 69, 70, 71]"
images/pair01 copy 6.jpg,0,57,0,0,2,"[9, 19, 29, 39, 49, 59, 68, 69, 70, 71]"
images/14_40 copy.jpg,0,58,0,0,2,"[9, 19, 29, 39, 49, 59, 68, 69, 70, 71]"
images/blank.jpg,0,59,1,0,2,"[9, 19, 29, 39, 49, 59, 68, 69, 70, 71]"
images/23_40 copy 4.jpg,0,60,0,0,2,"[9, 19, 29, 39, 49, 59, 68, 69, 70, 71]"
images/19_40 copy.jpg,0,61,0,0,2,"[9, 19, 29, 39, 49, 59, 68, 69, 70, 71]"
images/20_40 copy 2.jpg,0,62,0,0,2,"[9, 19, 29, 39, 49, 59, 68, 69, 70, 71]"
images/23_40 copy.jpg,0,63,0,0,2,"[9, 19, 29, 39, 49, 59, 68, 69, 70, 71]"
images/22_12 copy 5.jpg,0,64,0,0,2,"[9, 19, 29, 39, 49, 59, 68, 69, 70, 71]"
images/20_28 copy 2.jpg,0,65,0,0,2,"[9, 19, 29, 39, 49, 59, 68, 69, 70, 71]"
images/pair10 copy 5.jpg,0,66,0,0,2,"[9, 19, 29, 39, 49, 59, 68, 69, 70, 71]"
images/11_28 copy 6.jpg,0,67,0,0,2,"[9, 19, 29, 39, 49, 59, 68, 69, 70, 71]"
images/blank.jpg,0,68,1,0,2,"[9, 19, 29, 39, 49, 59, 68, 69, 70, 71]"
images/blank.jpg,0,69,1,0,2,"[9, 19, 29, 39, 49, 59, 68, 69, 70, 71]"
images/blank.jpg,0,70,1,0,2,"[9, 19, 29, 39, 49, 59, 68, 69, 70, 71]"
images/blank.jpg,0,71,1,1,2,"[9, 19, 29, 39, 49, 59, 68, 69, 70, 71]"
images/16_0 copy 6.jpg,0,0,0,0,3,"[9, 19, 31, 45, 56, 68, 69, 70, 71]"
images/21_28 copy 7.jpg,0,1,0,0,3,"[9, 19, 31, 45, 56, 68, 69, 70, 71]"
images/17_12 copy 3.jpg,0,2,0,0,3,"[9, 19, 31, 45, 56, 68, 69, 70, 71]"
images/9_0 copy 3.jpg,0,3,0,0,3,"[9, 19, 31, 45, 56, 68, 69, 70, 71]"
images/14_40 copy.jpg,0,4,0,0,3,"[9, 19, 31, 45, 56, 68, 69, 70, 71]"
images/15_12 copy 7.jpg,0,5,0,0,3,"[9, 19, 31, 45, 56, 68, 69, 70, 71]"
images/14_12.jpg,0,6,0,0,3,"[9, 19, 31, 45, 56, 68, 69, 70, 71]"
images/pair01 copy 7.jpg,0,7,0,0,3,"[9, 19, 31, 45, 56, 68, 69, 70, 71]"
images/23_12 copy 7.jpg,0,8,0,0,3,"[9, 19, 31, 45, 56, 68, 69, 70, 71]"
images/blank.jpg,0,9,1,0,3,"[9, 19, 31, 45, 56, 68, 69, 70, 71]"
images/6_0.jpg,0,10,0,0,3,"[9, 19, 31, 45, 56, 68, 69, 70, 71]"
images/15_28 copy 2.jpg,0,11,0,0,3,"[9, 19, 31, 45, 56, 68, 69, 70, 71]"
images/17_28 copy 7.jpg,0,12,0,0,3,"[9, 19, 31, 45, 56, 68, 69, 70, 71]"
images/20_0 copy 4.jpg,0,13,0,0,3,"[9, 19, 31, 45, 56, 68, 69, 70, 71]"
images/22_0.jpg,0,14,0,0,3,"[9, 19, 31, 45, 56, 68, 69, 70, 71]"
images/13_28 copy 6.jpg,0,15,0,0,3,"[9, 19, 31, 45, 56, 68, 69, 70, 71]"
images/5_28 copy 7.jpg,0,16,0,0,3,"[9, 19, 31, 45, 56, 68, 69, 70, 71]"
images/6_40 copy 3.jpg,0,17,0,0,3,"[9, 19, 31, 45, 56, 68, 69, 70, 71]"
images/7_28 copy 7.jpg,0,18,0,0,3,"[9, 19, 31, 45, 56, 68, 69, 70, 71]"
images/blank.jpg,0,19,1,0,3,"[9, 19, 31, 45, 56, 68, 69, 70, 71]"
images/21_40 copy 3.jpg,0,20,0,0,3,"[9, 19, 31, 45, 56, 68, 69, 70, 71]"
images/7_0 copy 4.jpg,0,21,0,0,3,"[9, 19, 31, 45, 56, 68, 69, 70, 71]"
images/13_0 copy.jpg,0,22,0,0,3,"[9, 19, 31, 45, 56, 68, 69, 70, 71]"
images/8_0 copy 5.jpg,0,23,0,0,3,"[9, 19, 31, 45, 56, 68, 69, 70, 71]"
images/22_40.jpg,0,24,0,0,3,"[9, 19, 31, 45, 56, 68, 69, 70, 71]"
images/pair04.jpg,0,25,0,0,3,"[9, 19, 31, 45, 56, 68, 69, 70, 71]"
images/pair05 copy 7.jpg,0,26,0,0,3,"[9, 19, 31, 45, 56, 68, 69, 70, 71]"
images/15_0 copy.jpg,0,27,0,0,3,"[9, 19, 31, 45, 56, 68, 69, 70, 71]"
images/19_28 copy 7.jpg,0,28,0,0,3,"[9, 19, 31, 45, 56, 68, 69, 70, 71]"
images/pair16 copy 4.jpg,0,29,0,0,3,"[9, 19, 31, 45, 56, 68, 69, 70, 71]"
images/13_0.jpg,0,30,0,0,3,"[9, 19, 31, 45, 56, 68, 69, 70, 71]"
images/blank.jpg,0,31,1,0,3,"[9, 19, 31, 45, 56, 68, 69, 70, 71]"
images/10_12 copy 7.jpg,0,32,0,0,3,"[9, 19, 31, 45, 56, 68, 69, 70, 71]"
images/6_28 copy.jpg,0,33,0,0,3,"[9, 19, 31, 45, 56, 68, 69, 70, 71]"
images/21_28.jpg,0,34,0,0,3,"[9, 19, 31, 45, 56, 68, 69, 70, 71]"
images/7_0.jpg,0,35,0,0,3,"[9, 19, 31, 45, 56, 68, 69, 70, 71]"
images/19_0 copy.jpg,0,36,0,0,3,"[9, 19, 31, 45, 56, 68, 69, 70, 71]"
images/13_28 copy 4.jpg,0,37,0,0,3,"[9, 19, 31, 45, 56, 68, 69, 70, 71]"
images/18_40 copy 4.jpg,0,38,0,0,3,"[9, 19, 31, 45, 56, 68, 69, 70, 71]"
images/pair07.jpg,0,39,0,0,3,"[9, 19, 31, 45, 56, 68, 69, 70, 71]"
images/pair17 copy.jpg,0,40,0,0,3,"[9, 19, 31, 45, 56, 68, 69, 70, 71]"
images/11_0 copy 7.jpg,0,41,0,0,3,"[9, 19, 31, 45, 56, 68, 69, 70, 71]"
images/pair05 copy 4.jpg,0,42,0,0,3,"[9, 19, 31, 45, 56, 68, 69, 70, 71]"
images/11_28 copy 4.jpg,0,43,0,0,3,"[9, 19, 31, 45, 56, 68, 69, 70, 71]"
images/14_12 copy 7.jpg,0,44,0,0,3,"[9, 19, 31, 45, 56, 68, 69, 70, 71]"
images/blank.jpg,0,45,1,0,3,"[9, 19, 31, 45, 56, 68, 69, 70, 71]"
images/21_0 copy 6.jpg,0,46,0,0,3,"[9, 19, 31, 45, 56, 68, 69, 70, 71]"
images/17_28 copy 6.jpg,0,47,0,0,3,"[9, 19, 31, 45, 56, 68, 69, 70, 71]"
images/pair01 copy 7.jpg,0,48,0,0,3,"[9, 19, 31, 45, 56, 68, 69, 70, 71]"
images/24_28 copy 3.jpg,0,49,0,0,3,"[9, 19, 31, 45, 56, 68, 69, 70, 71]"
images/8_0 copy.jpg,0,50,0,0,3,"[9, 19, 31, 45, 56, 68, 69, 70, 71]"
images/23_40 copy.jpg,0,51,0,0,3,"[9, 19, 31, 45, 56, 68, 69, 70, 71]"
images/10_0 copy 4.jpg,0,52,0,0,3,"[9, 19, 31, 45, 56, 68, 69, 70, 71]"
images/5_0 copy 7.jpg,0,53,0,0,3,"[9, 19, 31, 45, 56, 68, 69, 70, 71]"
images/pair12 copy 2.jpg,0,54,0,0,3,"[9, 19, 31, 45, 56, 68, 69, 70, 71]"
images/10_28 copy 5.jpg,0,55,0,0,3,"[9, 19, 31, 45, 56, 68, 69, 70, 71]"
images/blank.jpg,0,56,1,0,3,"[9, 19, 31, 45, 56, 68, 69, 70, 71]"
images/10_12 copy.jpg,0,57,0,0,3,"[9, 19, 31, 45, 56, 68, 69, 70, 71]"
images/13_40 copy 6.jpg,0,58,0,0,3,"[9, 19, 31, 45, 56, 68, 69, 70, 71]"
images/pair12 copy 2.jpg,0,59,0,0,3,"[9, 19, 31, 45, 56, 68, 69, 70, 71]"
images/7_0 copy 3.jpg,0,60,0,0,3,"[9, 19, 31, 45, 56, 68, 69, 70, 71]"
images/18_28.jpg,0,61,0,0,3,"[9, 19, 31, 45, 56, 68, 69, 70, 71]"
images/pair18 copy 5.jpg,0,62,0,0,3,"[9, 19, 31, 45, 56, 68, 69, 70, 71]"
images/13_40 copy 4.jpg,0,63,0,0,3,"[9, 19, 31, 45, 56, 68, 69, 70, 71]"
images/10_0.jpg,0,64,0,0,3,"[9, 19, 31, 45, 56, 68, 69, 70, 71]"
images/9_40 copy 4.jpg,0,65,0,0,3,"[9, 19, 31, 45, 56, 68, 69, 70, 71]"
images/5_40 copy 5.jpg,0,66,0,0,3,"[9, 19, 31, 45, 56, 68, 69, 70, 71]"
images/12_12 copy 3.jpg,0,67,0,0,3,"[9, 19, 31, 45, 56, 68, 69, 70, 71]"
images/blank.jpg,0,68,1,0,3,"[9, 19, 31, 45, 56, 68, 69, 70, 71]"
images/blank.jpg,0,69,1,0,3,"[9, 19, 31, 45, 56, 68, 69, 70, 71]"
images/blank.jpg,0,70,1,0,3,"[9, 19, 31, 45, 56, 68, 69, 70, 71]"
images/blank.jpg,0,71,1,1,3,"[9, 19, 31, 45, 56, 68, 69, 70, 71]"
images/7_0 copy 7.jpg,0,0,0,0,4,"[9, 19, 29, 39, 49, 59, 68, 69, 70, 71]"
images/16_0 copy 3.jpg,0,1,0,0,4,"[9, 19, 29, 39, 49, 59, 68, 69, 70, 71]"
images/pair04 copy 7.jpg,0,2,0,0,4,"[9, 19, 29, 39, 49, 59, 68, 69, 70, 71]"
images/16_28 copy 2.jpg,0,3,0,0,4,"[9, 19, 29, 39, 49, 59, 68, 69, 70, 71]"
images/17_12 copy 5.jpg,0,4,0,0,4,"[9, 19, 29, 39, 49, 59, 68, 69, 70, 71]"
images/15_28.jpg,0,5,0,0,4,"[9, 19, 29, 39, 49, 59, 68, 69, 70, 71]"
images/10_12 copy 4.jpg,0,6,0,0,4,"[9, 19, 29, 39, 49, 59, 68, 69, 70, 71]"
images/9_12 copy 3.jpg,0,7,0,0,4,"[9, 19, 29, 39, 49, 59, 68, 69, 70, 71]"
images/10_0 copy 2.jpg,0,8,0,0,4,"[9, 19, 29, 39, 49, 59, 68, 69, 70, 71]"
images/blank.jpg,0,9,1,0,4,"[9, 19, 29, 39, 49, 59, 68, 69, 70, 71]"
images/23_0 copy 2.jpg,0,10,0,0,4,"[9, 19, 29, 39, 49, 59, 68, 69, 70, 71]"
images/pair02 copy 2.jpg,0,11,0,0,4,"[9, 19, 29, 39, 49, 59, 68, 69, 70, 71]"
images/5_40 copy 4.jpg,0,12,0,0,4,"[9, 19, 29, 39, 49, 59, 68, 69, 70, 71]"
images/21_40 copy 2.jpg,0,13,0,0,4,"[9, 19, 29, 39, 49, 59, 68, 69, 70, 71]"
images/14_28 copy 6.jpg,0,14,0,0,4,"[9, 19, 29, 39, 49, 59, 68, 69, 70, 71]"
images/19_0 copy 5.jpg,0,15,0,0,4,"[9, 19, 29, 39, 49, 59, 68, 69, 70, 71]"
images/16_40 copy 2.jpg,0,16,0,0,4,"[9, 19, 29, 39, 49, 59, 68, 69, 70, 71]"
images/8_28 copy 5.jpg,0,17,0,0,4,"[9, 19, 29, 39, 49, 59, 68, 69, 70, 71]"
images/12_28 copy 3.jpg,0,18,0,0,4,"[9, 19, 29, 39, 49, 59, 68, 69, 70, 71]"
images/blank.jpg,0,19,1,0,4,"[9, 19, 29, 39, 49, 59, 68, 69, 70, 71]"
images/22_28 copy 6.jpg,0,20,0,0,4,"[9, 19, 29, 39, 49, 59, 68, 69, 70, 71]"
images/17_0 copy 5.jpg,0,21,0,0,4,"[9, 19, 29, 39, 49, 59, 68, 69, 70, 71]"
images/21_12 copy 3.jpg,0,22,0,0,4,"[9, 19, 29, 39, 49, 59, 68, 69, 70, 71]"
images/12_0 copy 2.jpg,0,23,0,0,4,"[9, 19, 29, 39, 49, 59, 68, 69, 70, 71]"
images/10_40.jpg,0,24,0,0,4,"[9, 19, 29, 39, 49, 59, 68, 69, 70, 71]"
images/23_28 copy 2.jpg,0,25,0,0,4,"[9, 19, 29, 39, 49, 59, 68, 69, 70, 71]"
images/pair02 copy 3.jpg,0,26,0,0,4,"[9, 19, 29, 39, 49, 59, 68, 69, 70, 71]"
images/6_0 copy 3.jpg,0,27,0,0,4,"[9, 19, 29, 39, 49, 59, 68, 69, 70, 71]"
images/17_40 copy 7.jpg,0,28,0,0,4,"[9, 19, 29, 39, 49, 59, 68, 69, 70, 71]"
images/blank.jpg,0,29,1,0,4,"[9, 19, 29, 39, 49, 59, 68, 69, 70, 71]"
images/19_0 copy 2.jpg,0,30,0,0,4,"[9, 19, 29, 39, 49, 59, 68, 69, 70, 71]"
images/6_0 copy 3.jpg,0,31,0,0,4,"[9, 19, 29, 39, 49, 59, 68, 69, 70, 71]"
images/11_40 copy.jpg,0,32,0,0,4,"[9, 19, 29, 39, 49, 59, 68, 69, 70, 71]"
images/24_40 copy 3.jpg,0,33,0,0,4,"[9, 19, 29, 39, 49, 59, 68, 69, 70, 71]"
images/13_0 copy.jpg,0,34,0,0,4,"[9, 19, 29, 39, 49, 59, 68, 69, 70, 71]"
images/23_28 copy.jpg,0,35,0,0,4,"[9, 19, 29, 39, 49, 59, 68, 69, 70, 71]"
images/pair18 copy 6.jpg,0,36,0,0,4,"[9, 19, 29, 39, 49, 59, 68, 69, 70, 71]"
images/pair06 copy.jpg,0,37,0,0,4,"[9, 19, 29, 39, 49, 59, 68, 69, 70, 71]"
images/15_40 copy.jpg,0,38,0,0,4,"[9, 19, 29, 39, 49, 59, 68, 69, 70, 71]"
images/blank.jpg,0,39,1,0,4,"[9, 19, 29, 39, 49, 59, 68, 69, 70, 71]"
images/22_40 copy 2.jpg,0,40,0,0,4,"[9, 19, 29, 39, 49, 59, 68, 69, 70, 71]"
images/19_28 copy 6.jpg,0,41,0,0,4,"[9, 19, 29, 39, 49, 59, 68, 69, 70, 71]"
images/11_28 copy 7.jpg,0,42,0,0,4,"[9, 19, 29, 39, 49, 59, 68, 69, 70, 71]"
images/20_12 copy 5.jpg,0,43,0,0,4,"[9, 19, 29, 39, 49, 59, 68, 69, 70, 71]"
images/17_40 copy.jpg,0,44,0,0,4,"[9, 19, 29, 39, 49, 59, 68, 69, 70, 71]"
images/pair03 copy.jpg,0,45,0,0,4,"[9, 19, 29, 39, 49, 59, 68, 69, 70, 71]"
images/7_12 copy 3.jpg,0,46,0,0,4,"[9, 19, 29, 39, 49, 59, 68, 69, 70, 71]"
images/6_40.jpg,0,47,0,0,4,"[9, 19, 29, 39, 49, 59, 68, 69, 70, 71]"
images/22_0 copy 6.jpg,0,48,0,0,4,"[9, 19, 29, 39, 49, 59, 68, 69, 70, 71]"
images/blank.jpg,0,49,1,0,4,"[9, 19, 29, 39, 49, 59, 68, 69, 70, 71]"
images/14_12 copy 7.jpg,0,50,0,0,4,"[9, 19, 29, 39, 49, 59, 68, 69, 70, 71]"
images/5_40 copy 6.jpg,0,51,0,0,4,"[9, 19, 29, 39, 49, 59, 68, 69, 70, 71]"
images/22_12 copy.jpg,0,52,0,0,4,"[9, 19, 29, 39, 49, 59, 68, 69, 70, 71]"
images/5_0 copy.jpg,0,53,0,0,4,"[9, 19, 29, 39, 49, 59, 68, 69, 70, 71]"
images/9_0 copy 4.jpg,0,54,0,0,4,"[9, 19, 29, 39, 49, 59, 68, 69, 70, 71]"
images/24_12 copy.jpg,0,55,0,0,4,"[9, 19, 29, 39, 49, 59, 68, 69, 70, 71]"
images/21_0 copy.jpg,0,56,0,0,4,"[9, 19, 29, 39, 49, 59, 68, 69, 70, 71]"
images/11_28 copy.jpg,0,57,0,0,4,"[9, 19, 29, 39, 49, 59, 68, 69, 70, 71]"
images/17_0 copy 3.jpg,0,58,0,0,4,"[9, 19, 29, 39, 49, 59, 68, 69, 70, 71]"
images/blank.jpg,0,59,1,0,4,"[9, 19, 29, 39, 49, 59, 68, 69, 70, 71]"
images/11_28 copy 5.jpg,0,60,0,0,4,"[9, 19, 29, 39, 49, 59, 68, 69, 70, 71]"
images/12_40 copy 4.jpg,0,61,0,0,4,"[9, 19, 29, 39, 49, 59, 68, 69, 70, 71]"
images/20_12 copy 6.jpg,0,62,0,0,4,"[9, 19, 29, 39, 49, 59, 68, 69, 70, 71]"
images/6_40 copy 6.jpg,0,63,0,0,4,"[9, 19, 29, 39, 49, 59, 68, 69, 70, 71]"
images/22_40 copy 5.jpg,0,64,0,0,4,"[9, 19, 29, 39, 49, 59, 68, 69, 70, 71]"
images/12_28 copy 2.jpg,0,65,0,0,4,"[9, 19, 29, 39, 49, 59, 68, 69, 70, 71]"
images/12_0 copy 4.jpg,0,66,0,0,4,"[9, 19, 29, 39, 49, 59, 68, 69, 70, 71]"
images/15_12 copy 4.jpg,0,67,0,0,4,"[9, 19, 29, 39, 49, 59, 68, 69, 70, 71]"
images/blank.jpg,0,68,1,0,4,"[9, 19, 29, 39, 49, 59, 68, 69, 70, 71]"
images/blank.jpg,0,69,1,0,4,"[9, 19, 29, 39, 49, 59, 68, 69, 70, 71]"
images/blank.jpg,0,70,1,0,4,"[9, 19, 29, 39, 49, 59, 68, 69, 70, 71]"
images/blank.jpg,0,71,1,1,4,"[9, 19, 29, 39, 49, 59, 68, 69, 70, 71]"
images/pair12.jpg,0,0,0,0,5,"[9, 20, 30, 44, 56, 68, 69, 70, 71]"
images/6_12 copy 3.jpg,0,1,0,0,5,"[9, 20, 30, 44, 56, 68, 69, 70, 71]"
images/10_40 copy 7.jpg,0,2,0,0,5,"[9, 20, 30, 44, 56, 68, 69, 70, 71]"
images/pair17 copy 6.jpg,0,3,0,0,5,"[9, 20, 30, 44, 56, 68, 69, 70, 71]"
images/pair16 copy 3.jpg,0,4,0,0,5,"[9, 20, 30, 44, 56, 68, 69, 70, 71]"
images/7_12.jpg,0,5,0,0,5,"[9, 20, 30, 44, 56, 68, 69, 70, 71]"
images/12_40.jpg,0,6,0,0,5,"[9, 20, 30, 44, 56, 68, 69, 70, 71]"
images/pair18 copy 5.jpg,0,7,0,0,5,"[9, 20, 30, 44, 56, 68, 69, 70, 71]"
images/6_12 copy 6.jpg,0,8,0,0,5,"[9, 20, 30, 44, 56, 68, 69, 70, 71]"
images/blank.jpg,0,9,1,0,5,"[9, 20, 30, 44, 56, 68, 69, 70, 71]"
images/19_40 copy 3.jpg,0,10,0,0,5,"[9, 20, 30, 44, 56, 68, 69, 70, 71]"
images/23_28 copy 5.jpg,0,11,0,0,5,"[9, 20, 30, 44, 56, 68, 69, 70, 71]"
images/23_12 copy 2.jpg,0,12,0,0,5,"[9, 20, 30, 44, 56, 68, 69, 70, 71]"
images/14_40 copy 5.jpg,0,13,0,0,5,"[9, 20, 30, 44, 56, 68, 69, 70, 71]"
images/pair10 copy 7.jpg,0,14,0,0,5,"[9, 20, 30, 44, 56, 68, 69, 70, 71]"
images/11_40 copy 7.jpg,0,15,0,0,5,"[9, 20, 30, 44, 56, 68, 69, 70, 71]"
images/19_40 copy 4.jpg,0,16,0,0,5,"[9, 20, 30, 44, 56, 68, 69, 70, 71]"
images/11_28 copy 6.jpg,0,17,0,0,5,"[9, 20, 30, 44, 56, 68, 69, 70, 71]"
images/pair09 copy 6.jpg,0,18,0,0,5,"[9, 20, 30, 44, 56, 68, 69, 70, 71]"
images/9_40 copy 3.jpg,0,19,0,0,5,"[9, 20, 30, 44, 56, 68, 69, 70, 71]"
images/blank.jpg,0,20,1,0,5,"[9, 20, 30, 44, 56, 68, 69, 70, 71]"
images/pair12.jpg,0,21,0,0,5,"[9, 20, 30, 44, 56, 68, 69, 70, 71]"
images/7_0 copy 6.jpg,0,22,0,0,5,"[9, 20, 30, 44, 56, 68, 69, 70, 71]"
images/6_28 copy.jpg,0,23,0,0,5,"[9, 20, 30, 44, 56, 68, 69, 70, 71]"
images/10_12 copy 7.jpg,0,24,0,0,5,"[9, 20, 30, 44, 56, 68, 69, 70, 71]"
images/14_0 copy 6.jpg,0,25,0,0,5,"[9, 20, 30, 44, 56, 68, 69, 70, 71]"
images/20_0.jpg,0,26,0,0,5,"[9, 20, 30, 44, 56, 68, 69, 70, 71]"
images/pair15 copy 6.jpg,0,27,0,0,5,"[9, 20, 30, 44, 56, 68, 69, 70, 71]"
images/8_0 copy.jpg,0,28,0,0,5,"[9, 20, 30, 44, 56, 68, 69, 70, 71]"
images/11_28 copy 5.jpg,0,29,0,0,5,"[9, 20, 30, 44, 56, 68, 69, 70, 71]"
images/blank.jpg,0,30,1,0,5,"[9, 20, 30, 44, 56, 68, 69, 70, 71]"
images/9_40.jpg,0,31,0,0,5,"[9, 20, 30, 44, 56, 68, 69, 70, 71]"
images/12_12 copy 7.jpg,0,32,0,0,5,"[9, 20, 30, 44, 56, 68, 69, 70, 71]"
images/pair17 copy 4.jpg,0,33,0,0,5,"[9, 20, 30, 44, 56, 68, 69, 70, 71]"
images/19_28 copy 5.jpg,0,34,0,0,5,"[9, 20, 30, 44, 56, 68, 69, 70, 71]"
images/16_0 copy 2.jpg,0,35,0,0,5,"[9, 20, 30, 44, 56, 68, 69, 70, 71]"
images/pair16 copy 4.jpg,0,36,0,0,5,"[9, 20, 30, 44, 56, 68, 69, 70, 71]"
images/11_0 copy 4.jpg,0,37,0,0,5,"[9, 20, 30, 44, 56, 68, 69, 70, 71]"
images/18_12.jpg,0,38,0,0,5,"[9, 20, 30, 44, 56, 68, 69, 70, 71]"
images/8_40 copy.jpg,0,39,0,0,5,"[9, 20, 30, 44, 56, 68, 69, 70, 71]"
images/5_12 copy 6.jpg,0,40,0,0,5,"[9, 20, 30, 44, 56, 68, 69, 70, 71]"
images/16_28 copy 5.jpg,0,41,0,0,5,"[9, 20, 30, 44, 56, 68, 69, 70, 71]"
images/pair15 copy 6.jpg,0,42,0,0,5,"[9, 20, 30, 44, 56, 68, 69, 70, 71]"
images/9_40 copy 7.jpg,0,43,0,0,5,"[9, 20, 30, 44, 56, 68, 69, 70, 71]"
images/blank.jpg,0,44,1,0,5,"[9, 20, 30, 44, 56, 68, 69, 70, 71]"
images/pair05 copy.jpg,0,45,0,0,5,"[9, 20, 30, 44, 56, 68, 69, 70, 71]"
images/21_40 copy 7.jpg,0,46,0,0,5,"[9, 20, 30, 44, 56, 68, 69, 70, 71]"
images/11_0 copy 5.jpg,0,47,0,0,5,"[9, 20, 30, 44, 56, 68, 69, 70, 71]"
images/15_12 copy 3.jpg,0,48,0,0,5,"[9, 20, 30, 44, 56, 68, 69, 70, 71]"
images/5_40 copy 3.jpg,0,49,0,0,5,"[9, 20, 30, 44, 56, 68, 69, 70, 71]"
images/16_28 copy 7.jpg,0,50,0,0,5,"[9, 20, 30, 44, 56, 68, 69, 70, 71]"
images/22_28 copy 3.jpg,0,51,0,0,5,"[9, 20, 30, 44, 56, 68, 69, 70, 71]"
images/23_40 copy 6.jpg,0,52,0,0,5,"[9, 20, 30, 44, 56, 68, 69, 70, 71]"
images/6_40 copy.jpg,0,53,0,0,5,"[9, 20, 30, 44, 56, 68, 69, 70, 71]"
images/22_28 copy 3.jpg,0,54,0,0,5,"[9, 20, 30, 44, 56, 68, 69, 70, 71]"
images/12_0 copy 6.jpg,0,55,0,0,5,"[9, 20, 30, 44, 56, 68, 69, 70, 71]"
images/blank.jpg,0,56,1,0,5,"[9, 20, 30, 44, 56, 68, 69, 70, 71]"
images/24_12 copy 2.jpg,0,57,0,0,5,"[9, 20, 30, 44, 56, 68, 69, 70, 71]"
images/15_28 copy 2.jpg,0,58,0,0,5,"[9, 20, 30, 44, 56, 68, 69, 70, 71]"
images/22_28 copy 4.jpg,0,59,0,0,5,"[9, 20, 30, 44, 56, 68, 69, 70, 71]"
images/6_12.jpg,0,60,0,0,5,"[9, 20, 30, 44, 56, 68, 69, 70, 71]"
images/pair13 copy.jpg,0,61,0,0,5,"[9, 20, 30, 44, 56, 68, 69, 70, 71]"
images/22_12 copy.jpg,0,62,0,0,5,"[9, 20, 30, 44, 56, 68, 69, 70, 71]"
images/9_0 copy 4.jpg,0,63,0,0,5,"[9, 20, 30, 44, 56, 68, 69, 70, 71]"
images/pair09 copy 3.jpg,0,64,0,0,5,"[9, 20, 30, 44, 56, 68, 69, 70, 71]"
images/24_40 copy 6.jpg,0,65,0,0,5,"[9, 20, 30, 44, 56, 68, 69, 70, 71]"
images/10_0 copy 2.jpg,0,66,0,0,5,"[9, 20, 30, 44, 56, 68, 69, 70, 71]"
images/pair11 copy 5.jpg,0,67,0,0,5,"[9, 20, 30, 44, 56, 68, 69, 70, 71]"
images/blank.jpg,0,68,1,0,5,"[9, 20, 30, 44, 56, 68, 69, 70, 71]"
images/blank.jpg,0,69,1,0,5,"[9, 20, 30, 44, 56, 68, 69, 70, 71]"
images/blank.jpg,0,70,1,0,5,"[9, 20, 30, 44, 56, 68, 69, 70, 71]"
images/blank.jpg,0,71,1,1,5,"[9, 20, 30, 44, 56, 68, 69, 70, 71]"
images/22_28.jpg,0,0,0,0,6,"[9, 19, 29, 39, 49, 59, 68, 69, 70, 71]"
images/6_0 copy 4.jpg,0,1,0,0,6,"[9, 19, 29, 39, 49, 59, 68, 69, 70, 71]"
images/21_40 copy.jpg,0,2,0,0,6,"[9, 19, 29, 39, 49, 59, 68, 69, 70, 71]"
images/16_0 copy 3.jpg,0,3,0,0,6,"[9, 19, 29, 39, 49, 59, 68, 69, 70, 71]"
images/11_40 copy 5.jpg,0,4,0,0,6,"[9, 19, 29, 39, 49, 59, 68, 69, 70, 71]"
images/9_12 copy.jpg,0,5,0,0,6,"[9, 19, 29, 39, 49, 59, 68, 69, 70, 71]"
images/22_0 copy 7.jpg,0,6,0,0,6,"[9, 19, 29, 39, 49, 59, 68, 69, 70, 71]"
images/pair16 copy 7.jpg,0,7,0,0,6,"[9, 19, 29, 39, 49, 59, 68, 69, 70, 71]"
images/19_28 copy 7.jpg,0,8,0,0,6,"[9, 19, 29, 39, 49, 59, 68, 69, 70, 71]"
images/blank.jpg,0,9,1,0,6,"[9, 19, 29, 39, 49, 59, 68, 69, 70, 71]"
images/14_28 copy.jpg,0,10,0,0,6,"[9, 19, 29, 39, 49, 59, 68, 69, 70, 71]"
images/23_0 copy 2.jpg,0,11,0,0,6,"[9, 19, 29, 39, 49, 59, 68, 69, 70, 71]"
images/23_0 copy 3.jpg,0,12,0,0,6,"[9, 19, 29, 39, 49, 59, 68, 69, 70, 71]"
images/22_0 copy 7.jpg,0,13,0,0,6,"[9, 19, 29, 39, 49, 59, 68, 69, 70, 71]"
images/8_40 copy 3.jpg,0,14,0,0,6,"[9, 19, 29, 39, 49, 59, 68, 69, 70, 71]"
images/13_28 copy.jpg,0,15,0,0,6,"[9, 19, 29, 39, 49, 59, 68, 69, 70, 71]"
images/12_12 copy 3.jpg,0,16,0,0,6,"[9, 19, 29, 39, 49, 59, 68, 69, 70, 71]"
images/10_12 copy 5.jpg,0,17,0,0,6,"[9, 19, 29, 39, 49, 59, 68, 69, 70, 71]"
images/24_40.jpg,0,18,0,0,6,"[9, 19, 29, 39, 49, 59, 68, 69, 70, 71]"
images/blank.jpg,0,19,1,0,6,"[9, 19, 29, 39, 49, 59, 68, 69, 70, 71]"
images/15_40 copy 6.jpg,0,20,0,0,6,"[9, 19, 29, 39, 49, 59, 68, 69, 70, 71]"
images/8_0 copy 7.jpg,0,21,0,0,6,"[9, 19, 29, 39, 49, 59, 68, 69, 70, 71]"
images/15_0 copy 7.jpg,0,22,0,0,6,"[9, 19, 29, 39, 49, 59, 68, 69, 70, 71]"
images/15_28 copy.jpg,0,23,0,0,6,"[9, 19, 29, 39, 49, 59, 68, 69, 70, 71]"
images/10_40 copy.jpg,0,24,0,0,6,"[9, 19, 29, 39, 49, 59, 68, 69, 70, 71]"
images/17_28 copy 3.jpg,0,25,0,0,6,"[9, 19, 29, 39, 49, 59, 68, 69, 70, 71]"
images/23_12 copy 7.jpg,0,26,0,0,6,"[9, 19, 29, 39, 49, 59, 68, 69, 70, 71]"
images/22_0 copy 5.jpg,0,27,0,0,6,"[9, 19, 29, 39, 49, 59, 68, 69, 70, 71]"
images/24_40 copy 7.jpg,0,28,0,0,6,"[9, 19, 29, 39, 49, 59, 68, 69, 70, 71]"
images/blank.jpg,0,29,1,0,6,"[9, 19, 29, 39, 49, 59, 68, 69, 70, 71]"
images/5_0 copy 6.jpg,0,30,0,0,6,"[9, 19, 29, 39, 49, 59, 68, 69, 70, 71]"
images/24_40 copy 5.jpg,0,31,0,0,6,"[9, 19, 29, 39, 49, 59, 68, 69, 70, 71]"
images/11_0 copy 5.jpg,0,32,0,0,6,"[9, 19, 29, 39, 49, 59, 68, 69, 70, 71]"
images/21_28 copy 6.jpg,0,33,0,0,6,"[9, 19, 29, 39, 49, 59, 68, 69, 70, 71]"
images/24_12.jpg,0,34,0,0,6,"[9, 19, 29, 39, 49, 59, 68, 69, 70, 71]"
images/15_0 copy 6.jpg,0,35,0,0,6,"[9, 19, 29, 39, 49, 59, 68, 69, 70, 71]"
images/10_28 copy 2.jpg,0,36,0,0,6,"[9, 19, 29, 39, 49, 59, 68, 69, 70, 71]"
images/20_40.jpg,0,37,0,0,6,"[9, 19, 29, 39, 49, 59, 68, 69, 70, 71]"
images/21_0 copy 2.jpg,0,38,0,0,6,"[9, 19, 29, 39, 49, 59, 68, 69, 70, 71]"
images/blank.jpg,0,39,1,0,6,"[9, 19, 29, 39, 49, 59, 68, 69, 70, 71]"
images/19_12 copy 3.jpg,0,40,0,0,6,"[9, 19, 29, 39, 49, 59, 68, 69, 70, 71]"
images/16_12 copy 2.jpg,0,41,0,0,6,"[9, 19, 29, 39, 49, 59, 68, 69, 70, 71]"
images/22_0 copy 5.jpg,0,42,0,0,6,"[9, 19, 29, 39, 49, 59, 68, 69, 70, 71]"
images/19_28 copy 2.jpg,0,43,0,0,6,"[9, 19, 29, 39, 49, 59, 68, 69, 70, 71]"
images/23_12 copy 4.jpg,0,44,0,0,6,"[9, 19, 29, 39, 49, 59, 68, 69, 70, 71]"
images/5_28 copy 7.jpg,0,45,0,0,6,"[9, 19, 29, 39, 49, 59, 68, 69, 70, 71]"
images/22_0 copy 4.jpg,0,46,0,0,6,"[9, 19, 29, 39, 49, 59, 68, 69, 70, 71]"
images/8_12 copy.jpg,0,47,0,0,6,"[9, 19, 29, 39, 49, 59, 68, 69, 70, 71]"
images/15_0 copy.jpg,0,48,0,0,6,"[9, 19, 29, 39, 49, 59, 68, 69, 70, 71]"
images/blank.jpg,0,49,1,0,6,"[9, 19, 29, 39, 49, 59, 68, 69, 70, 71]"
images/5_28 copy 6.jpg,0,50,0,0,6,"[9, 19, 29, 39, 49, 59, 68, 69, 70, 71]"
images/16_28 copy 6.jpg,0,51,0,0,6,"[9, 19, 29, 39, 49, 59, 68, 69, 70, 71]"
images/5_28 copy 4.jpg,0,52,0,0,6,"[9, 19, 29, 39, 49, 59, 68, 69, 70, 71]"
images/pair02 copy 4.jpg,0,53,0,0,6,"[9, 19, 29, 39, 49, 59, 68, 69, 70, 71]"
images/14_12 copy 2.jpg,0,54,0,0,6,"[9, 19, 29, 39, 49, 59, 68, 69, 70, 71]"
images/21_0 copy 2.jpg,0,55,0,0,6,"[9, 19, 29, 39, 49, 59, 68, 69, 70, 71]"
images/19_28 copy 5.jpg,0,56,0,0,6,"[9, 19, 29, 39, 49, 59, 68, 69, 70, 71]"
images/5_40 copy 6.jpg,0,57,0,0,6,"[9, 19, 29, 39, 49, 59, 68, 69, 70, 71]"
images/10_12 copy 4.jpg,0,58,0,0,6,"[9, 19, 29, 39, 49, 59, 68, 69, 70, 71]"
images/blank.jpg,0,59,1,0,6,"[9, 19, 29, 39, 49, 59, 68, 69, 70, 71]"
images/10_0 copy 7.jpg,0,60,0,0,6,"[9, 19, 29, 39, 49, 59, 68, 69, 70, 71]"
images/10_0 copy 3.jpg,0,61,0,0,6,"[9, 19, 29, 39, 49, 59, 68, 69, 70, 71]"
images/17_40.jpg,0,62,0,0,6,"[9, 19, 29, 39, 49, 59, 68, 69, 70, 71]"
images/pair08.jpg,0,63,0,0,6,"[9, 19, 29, 39, 49, 59, 68, 69, 70, 71]"
images/21_28 copy 2.jpg,0,64,0,0,6,"[9, 19, 29, 39, 49, 59, 68, 69, 70, 71]"
images/23_40 copy 7.jpg,0,65,0,0,6,"[9, 19, 29, 39, 49, 59, 68, 69, 70, 71]"
images/14_28 copy 2.jpg,0,66,0,0,6,"[9, 19, 29, 39, 49, 59, 68, 69, 70, 71]"
images/pair10 copy.jpg,0,67,0,0,6,"[9, 19, 29, 39, 49, 59, 68, 69, 70, 71]"
images/blank.jpg,0,68,1,0,6,"[9, 19, 29, 39, 49, 59, 68, 69, 70, 71]"
images/blank.jpg,0,69,1,0,6,"[9, 19, 29, 39, 49, 59, 68, 69, 70, 71]"
images/blank.jpg,0,70,1,0,6,"[9, 19, 29, 39, 49, 59, 68, 69, 70, 71]"
images/blank.jpg,0,71,1,1,6,"[9, 19, 29, 39, 49, 59, 68, 69, 70, 71]"
images/19_0 copy 4.jpg,0,0,0,0,7,"[13, 24, 36, 46, 56, 68, 69, 70, 71]"
images/8_12 copy 4.jpg,0,1,0,0,7,"[13, 24, 36, 46, 56, 68, 69, 70, 71]"
images/6_28 copy 3.jpg,0,2,0,0,7,"[13, 24, 36, 46, 56, 68, 69, 70, 71]"
images/16_0 copy 6.jpg,0,3,0,0,7,"[13, 24, 36, 46, 56, 68, 69, 70, 71]"
images/pair14 copy.jpg,0,4,0,0,7,"[13, 24, 36, 46, 56, 68, 69, 70, 71]"
images/6_40 copy 7.jpg,0,5,0,0,7,"[13, 24, 36, 46, 56, 68, 69, 70, 71]"
images/11_0 copy 6.jpg,0,6,0,0,7,"[13, 24, 36, 46, 56, 68, 69, 70, 71]"
images/11_12 copy 3.jpg,0,7,0,0,7,"[13, 24, 36, 46, 56, 68, 69, 70, 71]"
images/16_12 copy.jpg,0,8,0,0,7,"[13, 24, 36, 46, 56, 68, 69, 70, 71]"
images/19_0.jpg,0,9,0,0,7,"[13, 24, 36, 46, 56, 68, 69, 70, 71]"
images/8_40 copy 5.jpg,0,10,0,0,7,"[13, 24, 36, 46, 56, 68, 69, 70, 71]"
images/19_28 copy 3.jpg,0,11,0,0,7,"[13, 24, 36, 46, 56, 68, 69, 70, 71]"
images/12_40 copy 3.jpg,0,12,0,0,7,"[13, 24, 36, 46, 56, 68, 69, 70, 71]"
images/blank.jpg,0,13,1,0,7,"[13, 24, 36, 46, 56, 68, 69, 70, 71]"
images/12_12 copy 5.jpg,0,14,0,0,7,"[13, 24, 36, 46, 56, 68, 69, 70, 71]"
images/6_12 copy 6.jpg,0,15,0,0,7,"[13, 24, 36, 46, 56, 68, 69, 70, 71]"
images/6_12 copy 4.jpg,0,16,0,0,7,"[13, 24, 36, 46, 56, 68, 69, 70, 71]"
images/13_12 copy 3.jpg,0,17,0,0,7,"[13, 24, 36, 46, 56, 68, 69, 70, 71]"
images/7_28 copy 7.jpg,0,18,0,0,7,"[13, 24, 36, 46, 56, 68, 69, 70, 71]"
images/8_0 copy 2.jpg,0,19,0,0,7,"[13, 24, 36, 46, 56, 68, 69, 70, 71]"
images/13_12.jpg,0,20,0,0,7,"[13, 24, 36, 46, 56, 68, 69, 70, 71]"
images/pair05 copy 3.jpg,0,21,0,0,7,"[13, 24, 36, 46, 56, 68, 69, 70, 71]"
images/20_28 copy 5.jpg,0,22,0,0,7,"[13, 24, 36, 46, 56, 68, 69, 70, 71]"
images/8_0.jpg,0,23,0,0,7,"[13, 24, 36, 46, 56, 68, 69, 70, 71]"
images/blank.jpg,0,24,1,0,7,"[13, 24, 36, 46, 56, 68, 69, 70, 71]"
images/16_28 copy 3.jpg,0,25,0,0,7,"[13, 24, 36, 46, 56, 68, 69, 70, 71]"
images/18_0 copy 7.jpg,0,26,0,0,7,"[13, 24, 36, 46, 56, 68, 69, 70, 71]"
images/17_0.jpg,0,27,0,0,7,"[13, 24, 36, 46, 56, 68, 69, 70, 71]"
images/23_0.jpg,0,28,0,0,7,"[13, 24, 36, 46, 56, 68, 69, 70, 71]"
images/9_12 copy 6.jpg,0,29,0,0,7,"[13, 24, 36, 46, 56, 68, 69, 70, 71]"
images/pair11 copy 7.jpg,0,30,0,0,7,"[13, 24, 36, 46, 56, 68, 69, 70, 71]"
images/11_28.jpg,0,31,0,0,7,"[13, 24, 36, 46, 56, 68, 69, 70, 71]"
images/13_28 copy 6.jpg,0,32,0,0,7,"[13, 24, 36, 46, 56, 68, 69, 70, 71]"
images/15_12.jpg,0,33,0,0,7,"[13, 24, 36, 46, 56, 68, 69, 70, 71]"
images/12_28 copy 4.jpg,0,34,0,0,7,"[13, 24, 36, 46, 56, 68, 69, 70, 71]"
images/6_0 copy 5.jpg,0,35,0,0,7,"[13, 24, 36, 46, 56, 68, 69, 70, 71]"
images/blank.jpg,0,36,1,0,7,"[13, 24, 36, 46, 56, 68, 69, 70, 71]"
images/16_28 copy 2.jpg,0,37,0,0,7,"[13, 24, 36, 46, 56, 68, 69, 70, 71]"
images/6_40 copy.jpg,0,38,0,0,7,"[13, 24, 36, 46, 56, 68, 69, 70, 71]"
images/5_40 copy 7.jpg,0,39,0,0,7,"[13, 24, 36, 46, 56, 68, 69, 70, 71]"
images/pair05.jpg,0,40,0,0,7,"[13, 24, 36, 46, 56, 68, 69, 70, 71]"
images/15_12 copy 3.jpg,0,41,0,0,7,"[13, 24, 36, 46, 56, 68, 69, 70, 71]"
images/10_28 copy 2.jpg,0,42,0,0,7,"[13, 24, 36, 46, 56, 68, 69, 70, 71]"
images/12_12 copy 7.jpg,0,43,0,0,7,"[13, 24, 36, 46, 56, 68, 69, 70, 71]"
images/pair03 copy.jpg,0,44,0,0,7,"[13, 24, 36, 46, 56, 68, 69, 70, 71]"
images/23_40.jpg,0,45,0,0,7,"[13, 24, 36, 46, 56, 68, 69, 70, 71]"
images/blank.jpg,0,46,1,0,7,"[13, 24, 36, 46, 56, 68, 69, 70, 71]"
images/12_40 copy 4.jpg,0,47,0,0,7,"[13, 24, 36, 46, 56, 68, 69, 70, 71]"
images/16_40 copy 3.jpg,0,48,0,0,7,"[13, 24, 36, 46, 56, 68, 69, 70, 71]"
images/pair11 copy 2.jpg,0,49,0,0,7,"[13, 24, 36, 46, 56, 68, 69, 70, 71]"
images/8_12 copy 5.jpg,0,50,0,0,7,"[13, 24, 36, 46, 56, 68, 69, 70, 71]"
images/22_12 copy 7.jpg,0,51,0,0,7,"[13, 24, 36, 46, 56, 68, 69, 70, 71]"
images/22_0 copy 3.jpg,0,52,0,0,7,"[13, 24, 36, 46, 56, 68, 69, 70, 71]"
images/13_28 copy 4.jpg,0,53,0,0,7,"[13, 24, 36, 46, 56, 68, 69, 70, 71]"
images/14_40 copy 2.jpg,0,54,0,0,7,"[13, 24, 36, 46, 56, 68, 69, 70, 71]"
images/24_0 copy.jpg,0,55,0,0,7,"[13, 24, 36, 46, 56, 68, 69, 70, 71]"
images/blank.jpg,0,56,1,0,7,"[13, 24, 36, 46, 56, 68, 69, 70, 71]"
images/18_40.jpg,0,57,0,0,7,"[13, 24, 36, 46, 56, 68, 69, 70, 71]"
images/14_28 copy 6.jpg,0,58,0,0,7,"[13, 24, 36, 46, 56, 68, 69, 70, 71]"
images/20_0 copy 6.jpg,0,59,0,0,7,"[13, 24, 36, 46, 56, 68, 69, 70, 71]"
images/13_12 copy 4.jpg,0,60,0,0,7,"[13, 24, 36, 46, 56, 68, 69, 70, 71]"
images/17_0 copy 2.jpg,0,61,0,0,7,"[13, 24, 36, 46, 56, 68, 69, 70, 71]"
images/pair14 copy.jpg,0,62,0,0,7,"[13, 24, 36, 46, 56, 68, 69, 70, 71]"
images/20_12 copy.jpg,0,63,0,0,7,"[13, 24, 36, 46, 56, 68, 69, 70, 71]"
images/24_0 copy 5.jpg,0,64,0,0,7,"[13, 24, 36, 46, 56, 68, 69, 70, 71]"
images/24_0 copy 6.jpg,0,65,0,0,7,"[13, 24, 36, 46, 56, 68, 69, 70, 71]"
images/7_0 copy 4.jpg,0,66,0,0,7,"[13, 24, 36, 46, 56, 68, 69, 70, 71]"
images/6_40 copy 6.jpg,0,67,0,0,7,"[13, 24, 36, 46, 56, 68, 69, 70, 71]"
images/blank.jpg,0,68,1,0,7,"[13, 24, 36, 46, 56, 68, 69, 70, 71]"
images/blank.jpg,0,69,1,0,7,"[13, 24, 36, 46, 56, 68, 69, 70, 71]"
images/blank.jpg,0,70,1,0,7,"[13, 24, 36, 46, 56, 68, 69, 70, 71]"
images/blank.jpg,0,71,1,1,7,"[13, 24, 36, 46, 56, 68, 69, 70, 71]"
images/17_12 copy 4.jpg,0,0,0,0,8,"[9, 19, 29, 39, 49, 59, 68, 69, 70, 71]"
images/7_28 copy 6.jpg,0,1,0,0,8,"[9, 19, 29, 39, 49, 59, 68, 69, 70, 71]"
images/pair05 copy 6.jpg,0,2,0,0,8,"[9, 19, 29, 39, 49, 59, 68, 69, 70, 71]"
images/21_0 copy 5.jpg,0,3,0,0,8,"[9, 19, 29, 39, 49, 59, 68, 69, 70, 71]"
images/8_12 copy 5.jpg,0,4,0,0,8,"[9, 19, 29, 39, 49, 59, 68, 69, 70, 71]"
images/pair03 copy 7.jpg,0,5,0,0,8,"[9, 19, 29, 39, 49, 59, 68, 69, 70, 71]"
images/pair09 copy 6.jpg,0,6,0,0,8,"[9, 19, 29, 39, 49, 59, 68, 69, 70, 71]"
images/5_0 copy 4.jpg,0,7,0,0,8,"[9, 19, 29, 39, 49, 59, 68, 69, 70, 71]"
images/16_12 copy 2.jpg,0,8,0,0,8,"[9, 19, 29, 39, 49, 59, 68, 69, 70, 71]"
images/blank.jpg,0,9,1,0,8,"[9, 19, 29, 39, 49, 59, 68, 69, 70, 71]"
images/9_0 copy 6.jpg,0,10,0,0,8,"[9, 19, 29, 39, 49, 59, 68, 69, 70, 71]"
images/pair14 copy 5.jpg,0,11,0,0,8,"[9, 19, 29, 39, 49, 59, 68, 69, 70, 71]"
images/pair10 copy 2.jpg,0,12,0,0,8,"[9, 19, 29, 39, 49, 59, 68, 69, 70, 71]"
images/21_0.jpg,0,13,0,0,8,"[9, 19, 29, 39, 49, 59, 68, 69, 70, 71]"
images/7_40 copy 6.jpg,0,14,0,0,8,"[9, 19, 29, 39, 49, 59, 68, 69, 70, 71]"
images/pair06 copy 6.jpg,0,15,0,0,8,"[9, 19, 29, 39, 49, 59, 68, 69, 70, 71]"
images/8_0 copy 5.jpg,0,16,0,0,8,"[9, 19, 29, 39, 49, 59, 68, 69, 70, 71]"
images/24_40 copy 4.jpg,0,17,0,0,8,"[9, 19, 29, 39, 49, 59, 68, 69, 70, 71]"
images/pair10 copy 7.jpg,0,18,0,0,8,"[9, 19, 29, 39, 49, 59, 68, 69, 70, 71]"
images/blank.jpg,0,19,1,0,8,"[9, 19, 29, 39, 49, 59, 68, 69, 70, 71]"
images/pair18 copy 2.jpg,0,20,0,0,8,"[9, 19, 29, 39, 49, 59, 68, 69, 70, 71]"
images/9_12 copy 7.jpg,0,21,0,0,8,"[9, 19, 29, 39, 49, 59, 68, 69, 70, 71]"
images/20_12 copy 2.jpg,0,22,0,0,8,"[9, 19, 29, 39, 49, 59, 68, 69, 70, 71]"
images/9_40 copy 4.jpg,0,23,0,0,8,"[9, 19, 29, 39, 49, 59, 68, 69, 70, 71]"
images/pair18 copy.jpg,0,24,0,0,8,"[9, 19, 29, 39, 49, 59, 68, 69, 70, 71]"
images/6_12.jpg,0,25,0,0,8,"[9, 19, 29, 39, 49, 59, 68, 69, 70, 71]"
images/6_28 copy 2.jpg,0,26,0,0,8,"[9, 19, 29, 39, 49, 59, 68, 69, 70, 71]"
images/17_28.jpg,0,27,0,0,8,"[9, 19, 29, 39, 49, 59, 68, 69, 70, 71]"
images/15_28 copy 7.jpg,0,28,0,0,8,"[9, 19, 29, 39, 49, 59, 68, 69, 70, 71]"
images/blank.jpg,0,29,1,0,8,"[9, 19, 29, 39, 49, 59, 68, 69, 70, 71]"
images/18_0 copy.jpg,0,30,0,0,8,"[9, 19, 29, 39, 49, 59, 68, 69, 70, 71]"
images/22_0 copy 4.jpg,0,31,0,0,8,"[9, 19, 29, 39, 49, 59, 68, 69, 70, 71]"
images/pair08 copy.jpg,0,32,0,0,8,"[9, 19, 29, 39, 49, 59, 68, 69, 70, 71]"
images/20_12 copy.jpg,0,33,0,0,8,"[9, 19, 29, 39, 49, 59, 68, 69, 70, 71]"
images/21_40 copy.jpg,0,34,0,0,8,"[9, 19, 29, 39, 49, 59, 68, 69, 70, 71]"
images/pair05 copy 4.jpg,0,35,0,0,8,"[9, 19, 29, 39, 49, 59, 68, 69, 70, 71]"
images/18_0 copy 4.jpg,0,36,0,0,8,"[9, 19, 29, 39, 49, 59, 68, 69, 70, 71]"
images/8_12 copy 3.jpg,0,37,0,0,8,"[9, 19, 29, 39, 49, 59, 68, 69, 70, 71]"
images/16_40 copy 3.jpg,0,38,0,0,8,"[9, 19, 29, 39, 49, 59, 68, 69, 70, 71]"
images/blank.jpg,0,39,1,0,8,"[9, 19, 29, 39, 49, 59, 68, 69, 70, 71]"
images/24_28.jpg,0,40,0,0,8,"[9, 19, 29, 39, 49, 59, 68, 69, 70, 71]"
images/pair11 copy 6.jpg,0,41,0,0,8,"[9, 19, 29, 39, 49, 59, 68, 69, 70, 71]"
images/15_12 copy 2.jpg,0,42,0,0,8,"[9, 19, 29, 39, 49, 59, 68, 69, 70, 71]"
images/5_0 copy.jpg,0,43,0,0,8,"[9, 19, 29, 39, 49, 59, 68, 69, 70, 71]"
images/5_40 copy 7.jpg,0,44,0,0,8,"[9, 19, 29, 39, 49, 59, 68, 69, 70, 71]"
images/18_0 copy 3.jpg,0,45,0,0,8,"[9, 19, 29, 39, 49, 59, 68, 69, 70, 71]"
images/14_12.jpg,0,46,0,0,8,"[9, 19, 29, 39, 49, 59, 68, 69, 70, 71]"
images/pair04 copy 7.jpg,0,47,0,0,8,"[9, 19, 29, 39, 49, 59, 68, 69, 70, 71]"
images/12_0 copy 7.jpg,0,48,0,0,8,"[9, 19, 29, 39, 49, 59, 68, 69, 70, 71]"
images/blank.jpg,0,49,1,0,8,"[9, 19, 29, 39, 49, 59, 68, 69, 70, 71]"
images/pair10 copy 5.jpg,0,50,0,0,8,"[9, 19, 29, 39, 49, 59, 68, 69, 70, 71]"
images/24_28.jpg,0,51,0,0,8,"[9, 19, 29, 39, 49, 59, 68, 69, 70, 71]"
images/14_40 copy 7.jpg,0,52,0,0,8,"[9, 19, 29, 39, 49, 59, 68, 69, 70, 71]"
images/15_0.jpg,0,53,0,0,8,"[9, 19, 29, 39, 49, 59, 68, 69, 70, 71]"
images/8_12.jpg,0,54,0,0,8,"[9, 19, 29, 39, 49, 59, 68, 69, 70, 71]"
images/24_12.jpg,0,55,0,0,8,"[9, 19, 29, 39, 49, 59, 68, 69, 70, 71]"
images/9_28 copy 4.jpg,0,56,0,0,8,"[9, 19, 29, 39, 49, 59, 68, 69, 70, 71]"
images/17_40 copy 5.jpg,0,57,0,0,8,"[9, 19, 29, 39, 49, 59, 68, 69, 70, 71]"
images/24_40 copy 7.jpg,0,58,0,0,8,"[9, 19, 29, 39, 49, 59, 68, 69, 70, 71]"
images/blank.jpg,0,59,1,0,8,"[9, 19, 29, 39, 49, 59, 68, 69, 70, 71]"
images/13_12 copy 6.jpg,0,60,0,0,8,"[9, 19, 29, 39, 49, 59, 68, 69, 70, 71]"
images/pair06 copy 2.jpg,0,61,0,0,8,"[9, 19, 29, 39, 49, 59, 68, 69, 70, 71]"
images/23_40 copy 3.jpg,0,62,0,0,8,"[9, 19, 29, 39, 49, 59, 68, 69, 70, 71]"
images/20_12 copy 3.jpg,0,63,0,0,8,"[9, 19, 29, 39, 49, 59, 68, 69, 70, 71]"
images/22_12 copy 6.jpg,0,64,0,0,8,"[9, 19, 29, 39, 49, 59, 68, 69, 70, 71]"
images/21_40 copy 3.jpg,0,65,0,0,8,"[9, 19, 29, 39, 49, 59, 68, 69, 70, 71]"
images/10_40 copy 5.jpg,0,66,0,0,8,"[9, 19, 29, 39, 49, 59, 68, 69, 70, 71]"
images/24_12 copy 4.jpg,0,67,0,0,8,"[9, 19, 29, 39, 49, 59, 68, 69, 70, 71]"
images/blank.jpg,0,68,1,0,8,"[9, 19, 29, 39, 49, 59, 68, 69, 70, 71]"
images/blank.jpg,0,69,1,0,8,"[9, 19, 29, 39, 49, 59, 68, 69, 70, 71]"
images/blank.jpg,0,70,1,0,8,"[9, 19, 29, 39, 49, 59, 68, 69, 70, 71]"
images/blank.jpg,0,71,1,1,8,"[9, 19, 29, 39, 49, 59, 68, 69, 70, 71]"
images/10_40 copy 2.jpg,0,0,0,0,9,"[9, 19, 33, 44, 56, 68, 69, 70, 71]"
images/pair13 copy.jpg,0,1,0,0,9,"[9, 19, 33, 44, 56, 68, 69, 70, 71]"
images/14_28 copy 4.jpg,0,2,0,0,9,"[9, 19, 33, 44, 56, 68, 69, 70, 71]"
images/22_12 copy 6.jpg,0,3,0,0,9,"[9, 19, 33, 44, 56, 68, 69, 70, 71]"
images/23_28 copy 3.jpg,0,4,0,0,9,"[9, 19, 33, 44, 56, 68, 69, 70, 71]"
images/pair12 copy 6.jpg,0,5,0,0,9,"[9, 19, 33, 44, 56, 68, 69, 70, 71]"
images/5_0 copy 4.jpg,0,6,0,0,9,"[9, 19, 33, 44, 56, 68, 69, 70, 71]"
images/10_12 copy 6.jpg,0,7,0,0,9,"[9, 19, 33, 44, 56, 68, 69, 70, 71]"
images/24_0 copy 5.jpg,0,8,0,0,9,"[9, 19, 33, 44, 56, 68, 69, 70, 71]"
images/blank.jpg,0,9,1,0,9,"[9, 19, 33, 44, 56, 68, 69, 70, 71]"
images/pair12 copy 6.jpg,0,10,0,0,9,"[9, 19, 33, 44, 56, 68, 69, 70, 71]"
images/19_0 copy 3.jpg,0,11,0,0,9,"[9, 19, 33, 44, 56, 68, 69, 70, 71]"
images/17_40 copy 4.jpg,0,12,0,0,9,"[9, 19, 33, 44, 56, 68, 69, 70, 71]"
images/pair09 copy 7.jpg,0,13,0,0,9,"[9, 19, 33, 44, 56, 68, 69, 70, 71]"
images/20_12 copy 2.jpg,0,14,0,0,9,"[9, 19, 33, 44, 56, 68, 69, 70, 71]"
images/22_40 copy 7.jpg,0,15,0,0,9,"[9, 19, 33, 44, 56, 68, 69, 70, 71]"
images/9_0 copy 3.jpg,0,16,0,0,9,"[9, 19, 33, 44, 56, 68, 69, 70, 71]"
images/18_0 copy 2.jpg,0,17,0,0,9,"[9, 19, 33, 44, 56, 68, 69, 70, 71]"
images/18_0.jpg,0,18,0,0,9,"[9, 19, 33, 44, 56, 68, 69, 70, 71]"
images/blank.jpg,0,19,1,0,9,"[9, 19, 33, 44, 56, 68, 69, 70, 71]"
images/18_28 copy 7.jpg,0,20,0,0,9,"[9, 19, 33, 44, 56, 68, 69, 70, 71]"
images/21_0 copy 6.jpg,0,21,0,0,9,"[9, 19, 33, 44, 56, 68, 69, 70, 71]"
images/pair01 copy.jpg,0,22,0,0,9,"[9, 19, 33, 44, 56, 68, 69, 70, 71]"
images/pair03.jpg,0,23,0,0,9,"[9, 19, 33, 44, 56, 68, 69, 70, 71]"
images/13_0 copy 3.jpg,0,24,0,0,9,"[9, 19, 33, 44, 56, 68, 69, 70, 71]"
images/24_40 copy 5.jpg,0,25,0,0,9,"[9, 19, 33, 44, 56, 68, 69, 70, 71]"
images/pair11 copy 3.jpg,0,26,0,0,9,"[9, 19, 33, 44, 56, 68, 69, 70, 71]"
images/11_28.jpg,0,27,0,0,9,"[9, 19, 33, 44, 56, 68, 69, 70, 71]"
images/12_12.jpg,0,28,0,0,9,"[9, 19, 33, 44, 56, 68, 69, 70, 71]"
images/7_28.jpg,0,29,0,0,9,"[9, 19, 33, 44, 56, 68, 69, 70, 71]"
images/17_28 copy 3.jpg,0,30,0,0,9,"[9, 19, 33, 44, 56, 68, 69, 70, 71]"
images/8_12 copy 4.jpg,0,31,0,0,9,"[9, 19, 33, 44, 56, 68, 69, 70, 71]"
images/pair08 copy 5.jpg,0,32,0,0,9,"[9, 19, 33, 44, 56, 68, 69, 70, 71]"
images/blank.jpg,0,33,1,0,9,"[9, 19, 33, 44, 56, 68, 69, 70, 71]"
images/23_0 copy 3.jpg,0,34,0,0,9,"[9, 19, 33, 44, 56, 68, 69, 70, 71]"
images/15_0 copy 6.jpg,0,35,0,0,9,"[9, 19, 33, 44, 56, 68, 69, 70, 71]"
images/pair06.jpg,0,36,0,0,9,"[9, 19, 33, 44, 56, 68, 69, 70, 71]"
images/22_40 copy 6.jpg,0,37,0,0,9,"[9, 19, 33, 44, 56, 68, 69, 70, 71]"
images/12_12.jpg,0,38,0,0,9,"[9, 19, 33, 44, 56, 68, 69, 70, 71]"
images/8_12 copy 7.jpg,0,39,0,0,9,"[9, 19, 33, 44, 56, 68, 69, 70, 71]"
images/9_0.jpg,0,40,0,0,9,"[9, 19, 33, 44, 56, 68, 69, 70, 71]"
images/20_12 copy 7.jpg,0,41,0,0,9,"[9, 19, 33, 44, 56, 68, 69, 70, 71]"
images/16_28 copy 6.jpg,0,42,0,0,9,"[9, 19, 33, 44, 56, 68, 69, 70, 71]"
images/pair10.jpg,0,43,0,0,9,"[9, 19, 33, 44, 56, 68, 69, 70, 71]"
images/blank.jpg,0,44,1,0,9,"[9, 19, 33, 44, 56, 68, 69, 70, 71]"
images/12_28 copy.jpg,0,45,0,0,9,"[9, 19, 33, 44, 56, 68, 69, 70, 71]"
images/pair17 copy 2.jpg,0,46,0,0,9,"[9, 19, 33, 44, 56, 68, 69, 70, 71]"
images/10_28 copy.jpg,0,47,0,0,9,"[9, 19, 33, 44, 56, 68, 69, 70, 71]"
images/14_40 copy 7.jpg,0,48,0,0,9,"[9, 19, 33, 44, 56, 68, 69, 70, 71]"
images/21_28 copy 2.jpg,0,49,0,0,9,"[9, 19, 33, 44, 56, 68, 69, 70, 71]"
images/pair08.jpg,0,50,0,0,9,"[9, 19, 33, 44, 56, 68, 69, 70, 71]"
images/pair14 copy 5.jpg,0,51,0,0,9,"[9, 19, 33, 44, 56, 68, 69, 70, 71]"
images/22_12 copy 7.jpg,0,52,0,0,9,"[9, 19, 33, 44, 56, 68, 69, 70, 71]"
images/7_12 copy 5.jpg,0,53,0,0,9,"[9, 19, 33, 44, 56, 68, 69, 70, 71]"
images/15_12.jpg,0,54,0,0,9,"[9, 19, 33, 44, 56, 68, 69, 70, 71]"
images/5_40 copy.jpg,0,55,0,0,9,"[9, 19, 33, 44, 56, 68, 69, 70, 71]"
images/blank.jpg,0,56,1,0,9,"[9, 19, 33, 44, 56, 68, 69, 70, 71]"
images/13_28 copy 7.jpg,0,57,0,0,9,"[9, 19, 33, 44, 56, 68, 69, 70, 71]"
images/14_40 copy 5.jpg,0,58,0,0,9,"[9, 19, 33, 44, 56, 68, 69, 70, 71]"
images/pair11 copy 2.jpg,0,59,0,0,9,"[9, 19, 33, 44, 56, 68, 69, 70, 71]"
images/8_28 copy 6.jpg,0,60,0,0,9,"[9, 19, 33, 44, 56, 68, 69, 70, 71]"
images/9_12.jpg,0,61,0,0,9,"[9, 19, 33, 44, 56, 68, 69, 70, 71]"
images/pair09 copy 4.jpg,0,62,0,0,9,"[9, 19, 33, 44, 56, 68, 69, 70, 71]"
images/pair14 copy 3.jpg,0,63,0,0,9,"[9, 19, 33, 44, 56, 68, 69, 70, 71]"
images/pair13.jpg,0,64,0,0,9,"[9, 19, 33, 44, 56, 68, 69, 70, 71]"
images/7_28.jpg,0,65,0,0,9,"[9, 19, 33, 44, 56, 68, 69, 70, 71]"
images/17_28.jpg,0,66,0,0,9,"[9, 19, 33, 44, 56, 68, 69, 70, 71]"
images/pair08 copy 7.jpg,0,67,0,0,9,"[9, 19, 33, 44, 56, 68, 69, 70, 71]"
images/blank.jpg,0,68,1,0,9,"[9, 19, 33, 44, 56, 68, 69, 70, 71]"
images/blank.jpg,0,69,1,0,9,"[9, 19, 33, 44, 56, 68, 69, 70, 71]"
images/blank.jpg,0,70,1,0,9,"[9, 19, 33, 44, 56, 68, 69, 70, 71]"
images/blank.jpg,0,71,1,1,9,"[9, 19, 33, 44, 56, 68, 69, 70, 71]"
images/blank.jpg,0,0,0,0,10,"[9, 19, 29, 39, 49, 59, 68, 69, 70, 71]"
images/13_28 copy 2.jpg,0,1,0,0,10,"[9, 19, 29, 39, 49, 59, 68, 69, 70, 71]"
images/18_12 copy.jpg,0,2,0,0,10,"[9, 19, 29, 39, 49, 59, 68, 69, 70, 71]"
images/22_40 copy 2.jpg,0,3,0,0,10,"[9, 19, 29, 39, 49, 59, 68, 69, 70, 71]"
images/9_0 copy 2.jpg,0,4,0,0,10,"[9, 19, 29, 39, 49, 59, 68, 69, 70, 71]"
images/pair03 copy 3.jpg,0,5,0,0,10,"[9, 19, 29, 39, 49, 59, 68, 69, 70, 71]"
images/pair09.jpg,0,6,0,0,10,"[9, 19, 29, 39, 49, 59, 68, 69, 70, 71]"
images/18_40.jpg,0,7,0,0,10,"[9, 19, 29, 39, 49, 59, 68, 69, 70, 71]"
images/10_40.jpg,0,8,0,0,10,"[9, 19, 29, 39, 49, 59, 68, 69, 70, 71]"
images/blank.jpg,0,9,1,0,10,"[9, 19, 29, 39, 49, 59, 68, 69, 70, 71]"
images/9_28 copy 7.jpg,0,10,0,0,10,"[9, 19, 29, 39, 49, 59, 68, 69, 70, 71]"
images/13_0.jpg,0,11,0,0,10,"[9, 19, 29, 39, 49, 59, 68, 69, 70, 71]"
images/24_12 copy 5.jpg,0,12,0,0,10,"[9, 19, 29, 39, 49, 59, 68, 69, 70, 71]"
images/11_40 copy 5.jpg,0,13,0,0,10,"[9, 19, 29, 39, 49, 59, 68, 69, 70, 71]"
images/pair04 copy 3.jpg,0,14,0,0,10,"[9, 19, 29, 39, 49, 59, 68, 69, 70, 71]"
images/20_28 copy 7.jpg,0,15,0,0,10,"[9, 19, 29, 39, 49, 59, 68, 69, 70, 71]"
images/24_28 copy 6.jpg,0,16,0,0,10,"[9, 19, 29, 39, 49, 59, 68, 69, 70, 71]"
images/18_0 copy 5.jpg,0,17,0,0,10,"[9, 19, 29, 39, 49, 59, 68, 69, 70, 71]"
images/20_28 copy 4.jpg,0,18,0,0,10,"[9, 19, 29, 39, 49, 59, 68, 69, 70, 71]"
images/blank.jpg,0,19,1,0,10,"[9, 19, 29, 39, 49, 59, 68, 69, 70, 71]"
images/pair16 copy.jpg,0,20,0,0,10,"[9, 19, 29, 39, 49, 59, 68, 69, 70, 71]"
images/8_40 copy.jpg,0,21,0,0,10,"[9, 19, 29, 39, 49, 59, 68, 69, 70, 71]"
images/pair18 copy 3.jpg,0,22,0,0,10,"[9, 19, 29, 39, 49, 59, 68, 69, 70, 71]"
images/10_40 copy 4.jpg,0,23,0,0,10,"[9, 19, 29, 39, 49, 59, 68, 69, 70, 71]"
images/pair02.jpg,0,24,0,0,10,"[9, 19, 29, 39, 49, 59, 68, 69, 70, 71]"
images/pair10 copy 2.jpg,0,25,0,0,10,"[9, 19, 29, 39, 49, 59, 68, 69, 70, 71]"
images/pair11 copy 5.jpg,0,26,0,0,10,"[9, 19, 29, 39, 49, 59, 68, 69, 70, 71]"
images/pair04 copy 3.jpg,0,27,0,0,10,"[9, 19, 29, 39, 49, 59, 68, 69, 70, 71]"
images/19_12 copy 5.jpg,0,28,0,0,10,"[9, 19, 29, 39, 49, 59, 68, 69, 70, 71]"
images/blank.jpg,0,29,1,0,10,"[9, 19, 29, 39, 49, 59, 68, 69, 70, 71]"
images/16_0 copy 4.jpg,0,30,0,0,10,"[9, 19, 29, 39, 49, 59, 68, 69, 70, 71]"
images/13_12 copy 6.jpg,0,31,0,0,10,"[9, 19, 29, 39, 49, 59, 68, 69, 70, 71]"
images/10_12 copy.jpg,0,32,0,0,10,"[9, 19, 29, 39, 49, 59, 68, 69, 70, 71]"
images/18_0 copy 5.jpg,0,33,0,0,10,"[9, 19, 29, 39, 49, 59, 68, 69, 70, 71]"
images/pair12 copy 7.jpg,0,34,0,0,10,"[9, 19, 29, 39, 49, 59, 68, 69, 70, 71]"
images/14_40 copy 2.jpg,0,35,0,0,10,"[9, 19, 29, 39, 49, 59, 68, 69, 70, 71]"
images/12_12 copy 4.jpg,0,36,0,0,10,"[9, 19, 29, 39, 49, 59, 68, 69, 70, 71]"
images/17_12 copy 5.jpg,0,37,0,0,10,"[9, 19, 29, 39, 49, 59, 68, 69, 70, 71]"
images/23_28 copy.jpg,0,38,0,0,10,"[9, 19, 29, 39, 49, 59, 68, 69, 70, 71]"
images/blank.jpg,0,39,1,0,10,"[9, 19, 29, 39, 49, 59, 68, 69, 70, 71]"
images/5_28 copy 3.jpg,0,40,0,0,10,"[9, 19, 29, 39, 49, 59, 68, 69, 70, 71]"
images/22_28 copy 7.jpg,0,41,0,0,10,"[9, 19, 29, 39, 49, 59, 68, 69, 70, 71]"
images/18_12.jpg,0,42,0,0,10,"[9, 19, 29, 39, 49, 59, 68, 69, 70, 71]"
images/pair18 copy 2.jpg,0,43,0,0,10,"[9, 19, 29, 39, 49, 59, 68, 69, 70, 71]"
images/21_12 copy 4.jpg,0,44,0,0,10,"[9, 19, 29, 39, 49, 59, 68, 69, 70, 71]"
images/18_0.jpg,0,45,0,0,10,"[9, 19, 29, 39, 49, 59, 68, 69, 70, 71]"
images/pair13 copy 6.jpg,0,46,0,0,10,"[9, 19, 29, 39, 49, 59, 68, 69, 70, 71]"
images/7_40 copy.jpg,0,47,0,0,10,"[9, 19, 29, 39, 49, 59, 68, 69, 70, 71]"
images/7_0 copy 3.jpg,0,48,0,0,10,"[9, 19, 29, 39, 49, 59, 68, 69, 70, 71]"
images/blank.jpg,0,49,1,0,10,"[9, 19, 29, 39, 49, 59, 68, 69, 70, 71]"
images/5_40 copy.jpg,0,50,0,0,10,"[9, 19, 29, 39, 49, 59, 68, 69, 70, 71]"
images/7_0 copy.jpg,0,51,0,0,10,"[9, 19, 29, 39, 49, 59, 68, 69, 70, 71]"
images/20_40 copy 5.jpg,0,52,0,0,10,"[9, 19, 29, 39, 49, 59, 68, 69, 70, 71]"
images/15_0 copy 3.jpg,0,53,0,0,10,"[9, 19, 29, 39, 49, 59, 68, 69, 70, 71]"
images/7_12 copy 6.jpg,0,54,0,0,10,"[9, 19, 29, 39, 49, 59, 68, 69, 70, 71]"
images/5_40 copy 3.jpg,0,55,0,0,10,"[9, 19, 29, 39, 49, 59, 68, 69, 70, 71]"
images/7_12 copy 6.jpg,0,56,0,0,10,"[9, 19, 29, 39, 49, 59, 68, 69, 70, 71]"
images/21_0 copy 4.jpg,0,57,0,0,10,"[9, 19, 29, 39, 49, 59, 68, 69, 70, 71]"
images/pair17.jpg,0,58,0,0,10,"[9, 19, 29, 39, 49, 59, 68, 69, 70, 71]"
images/blank.jpg,0,59,1,0,10,"[9, 19, 29, 39, 49, 59, 68, 69, 70, 71]"
images/12_28 copy 2.jpg,0,60,0,0,10,"[9, 19, 29, 39, 49, 59, 68, 69, 70, 71]"
images/17_28 copy 6.jpg,0,61,0,0,10,"[9, 19, 29, 39, 49, 59, 68, 69, 70, 71]"
images/5_0 copy 2.jpg,0,62,0,0,10,"[9, 19, 29, 39, 49, 59, 68, 69, 70, 71]"
images/pair06 copy 2.jpg,0,63,0,0,10,"[9, 19, 29, 39, 49, 59, 68, 69, 70, 71]"
images/10_28 copy 7.jpg,0,64,0,0,10,"[9, 19, 29, 39, 49, 59, 68, 69, 70, 71]"
images/20_0.jpg,0,65,0,0,10,"[9, 19, 29, 39, 49, 59, 68, 69, 70, 71]"
images/7_40 copy 6.jpg,0,66,0,0,10,"[9, 19, 29, 39, 49, 59, 68, 69, 70, 71]"
images/5_28 copy 3.jpg,0,67,0,0,10,"[9, 19, 29, 39, 49, 59, 68, 69, 70, 71]"
images/blank.jpg,0,68,1,0,10,"[9, 19, 29, 39, 49, 59, 68, 69, 70, 71]"
images/blank.jpg,0,69,1,0,10,"[9, 19, 29, 39, 49, 59, 68, 69, 70, 71]"
images/blank.jpg,0,70,1,0,10,"[9, 19, 29, 39, 49, 59, 68, 69, 70, 71]"
images/blank.jpg,0,71,1,1,10,"[9, 19, 29, 39, 49, 59, 68, 69, 70, 71]"
images/15_0 copy 2.jpg,0,0,0,0,11,"[9, 19, 33, 44, 56, 68, 69, 70, 71]"
images/23_0 copy 7.jpg,0,1,0,0,11,"[9, 19, 33, 44, 56, 68, 69, 70, 71]"
images/16_0 copy 2.jpg,0,2,0,0,11,"[9, 19, 33, 44, 56, 68, 69, 70, 71]"
images/6_28 copy 3.jpg,0,3,0,0,11,"[9, 19, 33, 44, 56, 68, 69, 70, 71]"
images/6_40 copy 7.jpg,0,4,0,0,11,"[9, 19, 33, 44, 56, 68, 69, 70, 71]"
images/17_40 copy 4.jpg,0,5,0,0,11,"[9, 19, 33, 44, 56, 68, 69, 70, 71]"
images/pair13 copy 3.jpg,0,6,0,0,11,"[9, 19, 33, 44, 56, 68, 69, 70, 71]"
images/pair18 copy.jpg,0,7,0,0,11,"[9, 19, 33, 44, 56, 68, 69, 70, 71]"
images/9_12 copy.jpg,0,8,0,0,11,"[9, 19, 33, 44, 56, 68, 69, 70, 71]"
images/blank.jpg,0,9,1,0,11,"[9, 19, 33, 44, 56, 68, 69, 70, 71]"
images/16_40 copy 2.jpg,0,10,0,0,11,"[9, 19, 33, 44, 56, 68, 69, 70, 71]"
images/15_28 copy.jpg,0,11,0,0,11,"[9, 19, 33, 44, 56, 68, 69, 70, 71]"
images/pair17 copy 6.jpg,0,12,0,0,11,"[9, 19, 33, 44, 56, 68, 69, 70, 71]"
images/17_40 copy 5.jpg,0,13,0,0,11,"[9, 19, 33, 44, 56, 68, 69, 70, 71]"
images/22_0.jpg,0,14,0,0,11,"[9, 19, 33, 44, 56, 68, 69, 70, 71]"
images/13_28.jpg,0,15,0,0,11,"[9, 19, 33, 44, 56, 68, 69, 70, 71]"
images/pair17 copy 5.jpg,0,16,0,0,11,"[9, 19, 33, 44, 56, 68, 69, 70, 71]"
images/23_28 copy 4.jpg,0,17,0,0,11,"[9, 19, 33, 44, 56, 68, 69, 70, 71]"
images/17_28 copy 4.jpg,0,18,0,0,11,"[9, 19, 33, 44, 56, 68, 69, 70, 71]"
images/blank.jpg,0,19,1,0,11,"[9, 19, 33, 44, 56, 68, 69, 70, 71]"
images/7_28 copy 2.jpg,0,20,0,0,11,"[9, 19, 33, 44, 56, 68, 69, 70, 71]"
images/12_12 copy 4.jpg,0,21,0,0,11,"[9, 19, 33, 44, 56, 68, 69, 70, 71]"
images/13_0 copy 6.jpg,0,22,0,0,11,"[9, 19, 33, 44, 56, 68, 69, 70, 71]"
images/pair08 copy 7.jpg,0,23,0,0,11,"[9, 19, 33, 44, 56, 68, 69, 70, 71]"
images/pair18 copy 4.jpg,0,24,0,0,11,"[9, 19, 33, 44, 56, 68, 69, 70, 71]"
images/19_28 copy 2.jpg,0,25,0,0,11,"[9, 19, 33, 44, 56, 68, 69, 70, 71]"
images/14_0 copy 2.jpg,0,26,0,0,11,"[9, 19, 33, 44, 56, 68, 69, 70, 71]"
images/9_28.jpg,0,27,0,0,11,"[9, 19, 33, 44, 56, 68, 69, 70, 71]"
images/24_12 copy.jpg,0,28,0,0,11,"[9, 19, 33, 44, 56, 68, 69, 70, 71]"
images/pair17 copy 5.jpg,0,29,0,0,11,"[9, 19, 33, 44, 56, 68, 69, 70, 71]"
images/pair05 copy 7.jpg,0,30,0,0,11,"[9, 19, 33, 44, 56, 68, 69, 70, 71]"
images/pair16.jpg,0,31,0,0,11,"[9, 19, 33, 44, 56, 68, 69, 70, 71]"
images/pair17 copy.jpg,0,32,0,0,11,"[9, 19, 33, 44, 56, 68, 69, 70, 71]"
images/blank.jpg,0,33,1,0,11,"[9, 19, 33, 44, 56, 68, 69, 70, 71]"
images/14_28 copy 7.jpg,0,34,0,0,11,"[9, 19, 33, 44, 56, 68, 69, 70, 71]"
images/9_12 copy 7.jpg,0,35,0,0,11,"[9, 19, 33, 44, 56, 68, 69, 70, 71]"
images/23_12 copy 2.jpg,0,36,0,0,11,"[9, 19, 33, 44, 56, 68, 69, 70, 71]"
images/23_12 copy.jpg,0,37,0,0,11,"[9, 19, 33, 44, 56, 68, 69, 70, 71]"
images/9_0 copy 7.jpg,0,38,0,0,11,"[9, 19, 33, 44, 56, 68, 69, 70, 71]"
images/23_12 copy 4.jpg,0,39,0,0,11,"[9, 19, 33, 44, 56, 68, 69, 70, 71]"
images/18_28 copy 7.jpg,0,40,0,0,11,"[9, 19, 33, 44, 56, 68, 69, 70, 71]"
images/19_40 copy 3.jpg,0,41,0,0,11,"[9, 19, 33, 44, 56, 68, 69, 70, 71]"
images/20_28.jpg,0,42,0,0,11,"[9, 19, 33, 44, 56, 68, 69, 70, 71]"
images/pair15 copy 7.jpg,0,43,0,0,11,"[9, 19, 33, 44, 56, 68, 69, 70, 71]"
images/blank.jpg,0,44,1,0,11,"[9, 19, 33, 44, 56, 68, 69, 70, 71]"
images/12_0.jpg,0,45,0,0,11,"[9, 19, 33, 44, 56, 68, 69, 70, 71]"
images/pair02 copy 5.jpg,0,46,0,0,11,"[9, 19, 33, 44, 56, 68, 69, 70, 71]"
images/pair03 copy 5.jpg,0,47,0,0,11,"[9, 19, 33, 44, 56, 68, 69, 70, 71]"
images/10_40 copy 3.jpg,0,48,0,0,11,"[9, 19, 33, 44, 56, 68, 69, 70, 71]"
images/9_0 copy.jpg,0,49,0,0,11,"[9, 19, 33, 44, 56, 68, 69, 70, 71]"
images/10_40 copy 6.jpg,0,50,0,0,11,"[9, 19, 33, 44, 56, 68, 69, 70, 71]"
images/pair16.jpg,0,51,0,0,11,"[9, 19, 33, 44, 56, 68, 69, 70, 71]"
images/pair16 copy 2.jpg,0,52,0,0,11,"[9, 19, 33, 44, 56, 68, 69, 70, 71]"
images/8_12 copy 3.jpg,0,53,0,0,11,"[9, 19, 33, 44, 56, 68, 69, 70, 71]"
images/17_0 copy 2.jpg,0,54,0,0,11,"[9, 19, 33, 44, 56, 68, 69, 70, 71]"
images/17_40 copy 2.jpg,0,55,0,0,11,"[9, 19, 33, 44, 56, 68, 69, 70, 71]"
images/blank.jpg,0,56,1,0,11,"[9, 19, 33, 44, 56, 68, 69, 70, 71]"
images/pair05.jpg,0,57,0,0,11,"[9, 19, 33, 44, 56, 68, 69, 70, 71]"
images/10_0.jpg,0,58,0,0,11,"[9, 19, 33, 44, 56, 68, 69, 70, 71]"
images/12_0 copy 6.jpg,0,59,0,0,11,"[9, 19, 33, 44, 56, 68, 69, 70, 71]"
images/5_0 copy 2.jpg,0,60,0,0,11,"[9, 19, 33, 44, 56, 68, 69, 70, 71]"
images/21_0 copy 5.jpg,0,61,0,0,11,"[9, 19, 33, 44, 56, 68, 69, 70, 71]"
images/24_40 copy 6.jpg,0,62,0,0,11,"[9, 19, 33, 44, 56, 68, 69, 70, 71]"
images/24_0 copy 6.jpg,0,63,0,0,11,"[9, 19, 33, 44, 56, 68, 69, 70, 71]"
images/19_40 copy.jpg,0,64,0,0,11,"[9, 19, 33, 44, 56, 68, 69, 70, 71]"
images/20_40 copy 5.jpg,0,65,0,0,11,"[9, 19, 33, 44, 56, 68, 69, 70, 71]"
images/6_40 copy 3.jpg,0,66,0,0,11,"[9, 19, 33, 44, 56, 68, 69, 70, 71]"
images/7_12 copy 5.jpg,0,67,0,0,11,"[9, 19, 33, 44, 56, 68, 69, 70, 71]"
images/blank.jpg,0,68,1,0,11,"[9, 19, 33, 44, 56, 68, 69, 70, 71]"
images/blank.jpg,0,69,1,0,11,"[9, 19, 33, 44, 56, 68, 69, 70, 71]"
images/blank.jpg,0,70,1,0,11,"[9, 19, 33, 44, 56, 68, 69, 70, 71]"
images/blank.jpg,0,71,1,1,11,"[9, 19, 33, 44, 56, 68, 69, 70, 71]"
images/23_12.jpg,0,0,0,0,12,"[9, 19, 29, 39, 49, 59, 68, 69, 70, 71]"
images/12_40 copy 3.jpg,0,1,0,0,12,"[9, 19, 29, 39, 49, 59, 68, 69, 70, 71]"
images/23_0.jpg,0,2,0,0,12,"[9, 19, 29, 39, 49, 59, 68, 69, 70, 71]"
images/5_12 copy 3.jpg,0,3,0,0,12,"[9, 19, 29, 39, 49, 59, 68, 69, 70, 71]"
images/15_0 copy 5.jpg,0,4,0,0,12,"[9, 19, 29, 39, 49, 59, 68, 69, 70, 71]"
images/18_0 copy 4.jpg,0,5,0,0,12,"[9, 19, 29, 39, 49, 59, 68, 69, 70, 71]"
images/15_40 copy 6.jpg,0,6,0,0,12,"[9, 19, 29, 39, 49, 59, 68, 69, 70, 71]"
images/pair15.jpg,0,7,0,0,12,"[9, 19, 29, 39, 49, 59, 68, 69, 70, 71]"
images/5_40.jpg,0,8,0,0,12,"[9, 19, 29, 39, 49, 59, 68, 69, 70, 71]"
images/blank.jpg,0,9,1,0,12,"[9, 19, 29, 39, 49, 59, 68, 69, 70, 71]"
images/8_28 copy 7.jpg,0,10,0,0,12,"[9, 19, 29, 39, 49, 59, 68, 69, 70, 71]"
images/pair09.jpg,0,11,0,0,12,"[9, 19, 29, 39, 49, 59, 68, 69, 70, 71]"
images/13_28 copy 2.jpg,0,12,0,0,12,"[9, 19, 29, 39, 49, 59, 68, 69, 70, 71]"
images/12_28 copy 3.jpg,0,13,0,0,12,"[9, 19, 29, 39, 49, 59, 68, 69, 70, 71]"
images/6_12 copy 3.jpg,0,14,0,0,12,"[9, 19, 29, 39, 49, 59, 68, 69, 70, 71]"
images/8_0 copy 2.jpg,0,15,0,0,12,"[9, 19, 29, 39, 49, 59, 68, 69, 70, 71]"
images/19_0 copy 4.jpg,0,16,0,0,12,"[9, 19, 29, 39, 49, 59, 68, 69, 70, 71]"
images/pair18 copy 7.jpg,0,17,0,0,12,"[9, 19, 29, 39, 49, 59, 68, 69, 70, 71]"
images/5_0 copy 3.jpg,0,18,0,0,12,"[9, 19, 29, 39, 49, 59, 68, 69, 70, 71]"
images/blank.jpg,0,19,1,0,12,"[9, 19, 29, 39, 49, 59, 68, 69, 70, 71]"
images/15_28 copy 7.jpg,0,20,0,0,12,"[9, 19, 29, 39, 49, 59, 68, 69, 70, 71]"
images/14_0 copy 4.jpg,0,21,0,0,12,"[9, 19, 29, 39, 49, 59, 68, 69, 70, 71]"
images/pair03 copy 7.jpg,0,22,0,0,12,"[9, 19, 29, 39, 49, 59, 68, 69, 70, 71]"
images/9_28.jpg,0,23,0,0,12,"[9, 19, 29, 39, 49, 59, 68, 69, 70, 71]"
images/19_0 copy 5.jpg,0,24,0,0,12,"[9, 19, 29, 39, 49, 59, 68, 69, 70, 71]"
images/pair08 copy 4.jpg,0,25,0,0,12,"[9, 19, 29, 39, 49, 59, 68, 69, 70, 71]"
images/24_28 copy 6.jpg,0,26,0,0,12,"[9, 19, 29, 39, 49, 59, 68, 69, 70, 71]"
images/pair11 copy 4.jpg,0,27,0,0,12,"[9, 19, 29, 39, 49, 59, 68, 69, 70, 71]"
images/13_28 copy 5.jpg,0,28,0,0,12,"[9, 19, 29, 39, 49, 59, 68, 69, 70, 71]"
images/blank.jpg,0,29,1,0,12,"[9, 19, 29, 39, 49, 59, 68, 69, 70, 71]"
images/7_40 copy 7.jpg,0,30,0,0,12,"[9, 19, 29, 39, 49, 59, 68, 69, 70, 71]"
images/pair08 copy 6.jpg,0,31,0,0,12,"[9, 19, 29, 39, 49, 59, 68, 69, 70, 71]"
images/pair02 copy.jpg,0,32,0,0,12,"[9, 19, 29, 39, 49, 59, 68, 69, 70, 71]"
images/18_28.jpg,0,33,0,0,12,"[9, 19, 29, 39, 49, 59, 68, 69, 70, 71]"
images/10_0 copy 3.jpg,0,34,0,0,12,"[9, 19, 29, 39, 49, 59, 68, 69, 70, 71]"
images/5_0 copy 3.jpg,0,35,0,0,12,"[9, 19, 29, 39, 49, 59, 68, 69, 70, 71]"
images/13_0 copy 7.jpg,0,36,0,0,12,"[9, 19, 29, 39, 49, 59, 68, 69, 70, 71]"
images/24_12 copy 5.jpg,0,37,0,0,12,"[9, 19, 29, 39, 49, 59, 68, 69, 70, 71]"
images/8_28 copy 5.jpg,0,38,0,0,12,"[9, 19, 29, 39, 49, 59, 68, 69, 70, 71]"
images/blank.jpg,0,39,1,0,12,"[9, 19, 29, 39, 49, 59, 68, 69, 70, 71]"
images/11_12 copy 2.jpg,0,40,0,0,12,"[9, 19, 29, 39, 49, 59, 68, 69, 70, 71]"
images/18_12 copy 4.jpg,0,41,0,0,12,"[9, 19, 29, 39, 49, 59, 68, 69, 70, 71]"
images/6_40.jpg,0,42,0,0,12,"[9, 19, 29, 39, 49, 59, 68, 69, 70, 71]"
images/18_12 copy.jpg,0,43,0,0,12,"[9, 19, 29, 39, 49, 59, 68, 69, 70, 71]"
images/11_0 copy 7.jpg,0,44,0,0,12,"[9, 19, 29, 39, 49, 59, 68, 69, 70, 71]"
images/9_12.jpg,0,45,0,0,12,"[9, 19, 29, 39, 49, 59, 68, 69, 70, 71]"
images/12_12 copy.jpg,0,46,0,0,12,"[9, 19, 29, 39, 49, 59, 68, 69, 70, 71]"
images/pair04 copy 5.jpg,0,47,0,0,12,"[9, 19, 29, 39, 49, 59, 68, 69, 70, 71]"
images/20_12 copy 3.jpg,0,48,0,0,12,"[9, 19, 29, 39, 49, 59, 68, 69, 70, 71]"
images/blank.jpg,0,49,1,0,12,"[9, 19, 29, 39, 49, 59, 68, 69, 70, 71]"
images/19_12 copy 4.jpg,0,50,0,0,12,"[9, 19, 29, 39, 49, 59, 68, 69, 70, 71]"
images/7_0 copy 5.jpg,0,51,0,0,12,"[9, 19, 29, 39, 49, 59, 68, 69, 70, 71]"
images/15_12 copy 4.jpg,0,52,0,0,12,"[9, 19, 29, 39, 49, 59, 68, 69, 70, 71]"
images/10_12 copy 6.jpg,0,53,0,0,12,"[9, 19, 29, 39, 49, 59, 68, 69, 70, 71]"
images/pair02.jpg,0,54,0,0,12,"[9, 19, 29, 39, 49, 59, 68, 69, 70, 71]"
images/13_40 copy 4.jpg,0,55,0,0,12,"[9, 19, 29, 39, 49, 59, 68, 69, 70, 71]"
images/11_12 copy 7.jpg,0,56,0,0,12,"[9, 19, 29, 39, 49, 59, 68, 69, 70, 71]"
images/pair03 copy 3.jpg,0,57,0,0,12,"[9, 19, 29, 39, 49, 59, 68, 69, 70, 71]"
images/13_28 copy 7.jpg,0,58,0,0,12,"[9, 19, 29, 39, 49, 59, 68, 69, 70, 71]"
images/blank.jpg,0,59,1,0,12,"[9, 19, 29, 39, 49, 59, 68, 69, 70, 71]"
images/pair12 copy 4.jpg,0,60,0,0,12,"[9, 19, 29, 39, 49, 59, 68, 69, 70, 71]"
images/11_28 copy.jpg,0,61,0,0,12,"[9, 19, 29, 39, 49, 59, 68, 69, 70, 71]"
images/12_0 copy 2.jpg,0,62,0,0,12,"[9, 19, 29, 39, 49, 59, 68, 69, 70, 71]"
images/pair08 copy.jpg,0,63,0,0,12,"[9, 19, 29, 39, 49, 59, 68, 69, 70, 71]"
images/14_28 copy 2.jpg,0,64,0,0,12,"[9, 19, 29, 39, 49, 59, 68, 69, 70, 71]"
images/24_0 copy.jpg,0,65,0,0,12,"[9, 19, 29, 39, 49, 59, 68, 69, 70, 71]"
images/23_28 copy 3.jpg,0,66,0,0,12,"[9, 19, 29, 39, 49, 59, 68, 69, 70, 71]"
images/9_12 copy 2.jpg,0,67,0,0,12,"[9, 19, 29, 39, 49, 59, 68, 69, 70, 71]"
images/blank.jpg,0,68,1,0,12,"[9, 19, 29, 39, 49, 59, 68, 69, 70, 71]"
images/blank.jpg,0,69,1,0,12,"[9, 19, 29, 39, 49, 59, 68, 69, 70, 71]"
images/blank.jpg,0,70,1,0,12,"[9, 19, 29, 39, 49, 59, 68, 69, 70, 71]"
images/blank.jpg,0,71,1,1,12,"[9, 19, 29, 39, 49, 59, 68, 69, 70, 71]"
images/pair12 copy 7.jpg,0,0,0,0,13,"[9, 23, 33, 44, 56, 68, 69, 70, 71]"
images/10_12 copy 2.jpg,0,1,0,0,13,"[9, 23, 33, 44, 56, 68, 69, 70, 71]"
images/14_0 copy 7.jpg,0,2,0,0,13,"[9, 23, 33, 44, 56, 68, 69, 70, 71]"
images/8_28 copy 7.jpg,0,3,0,0,13,"[9, 23, 33, 44, 56, 68, 69, 70, 71]"
images/10_40 copy 2.jpg,0,4,0,0,13,"[9, 23, 33, 44, 56, 68, 69, 70, 71]"
images/12_12 copy 5.jpg,0,5,0,0,13,"[9, 23, 33, 44, 56, 68, 69, 70, 71]"
images/pair09 copy 3.jpg,0,6,0,0,13,"[9, 23, 33, 44, 56, 68, 69, 70, 71]"
images/9_0 copy 2.jpg,0,7,0,0,13,"[9, 23, 33, 44, 56, 68, 69, 70, 71]"
images/13_12 copy 4.jpg,0,8,0,0,13,"[9, 23, 33, 44, 56, 68, 69, 70, 71]"
images/blank.jpg,0,9,1,0,13,"[9, 23, 33, 44, 56, 68, 69, 70, 71]"
images/23_28 copy 2.jpg,0,10,0,0,13,"[9, 23, 33, 44, 56, 68, 69, 70, 71]"
images/17_12 copy 2.jpg,0,11,0,0,13,"[9, 23, 33, 44, 56, 68, 69, 70, 71]"
images/14_0.jpg,0,12,0,0,13,"[9, 23, 33, 44, 56, 68, 69, 70, 71]"
images/14_28 copy 7.jpg,0,13,0,0,13,"[9, 23, 33, 44, 56, 68, 69, 70, 71]"
images/pair12 copy 4.jpg,0,14,0,0,13,"[9, 23, 33, 44, 56, 68, 69, 70, 71]"
images/6_0 copy 4.jpg,0,15,0,0,13,"[9, 23, 33, 44, 56, 68, 69, 70, 71]"
images/pair03 copy 5.jpg,0,16,0,0,13,"[9, 23, 33, 44, 56, 68, 69, 70, 71]"
images/pair15.jpg,0,17,0,0,13,"[9, 23, 33, 44, 56, 68, 69, 70, 71]"
images/6_28 copy 2.jpg,0,18,0,0,13,"[9, 23, 33, 44, 56, 68, 69, 70, 71]"
images/18_40 copy 4.jpg,0,19,0,0,13,"[9, 23, 33, 44, 56, 68, 69, 70, 71]"
images/23_12 copy 3.jpg,0,20,0,0,13,"[9, 23, 33, 44, 56, 68, 69, 70, 71]"
images/13_0 copy 3.jpg,0,21,0,0,13,"[9, 23, 33, 44, 56, 68, 69, 70, 71]"
images/pair01 copy.jpg,0,22,0,0,13,"[9, 23, 33, 44, 56, 68, 69, 70, 71]"
images/blank.jpg,0,23,1,0,13,"[9, 23, 33, 44, 56, 68, 69, 70, 71]"
images/8_28 copy 2.jpg,0,24,0,0,13,"[9, 23, 33, 44, 56, 68, 69, 70, 71]"
images/24_40 copy 3.jpg,0,25,0,0,13,"[9, 23, 33, 44, 56, 68, 69, 70, 71]"
images/10_28 copy.jpg,0,26,0,0,13,"[9, 23, 33, 44, 56, 68, 69, 70, 71]"
images/13_12 copy 2.jpg,0,27,0,0,13,"[9, 23, 33, 44, 56, 68, 69, 70, 71]"
images/24_40 copy 2.jpg,0,28,0,0,13,"[9, 23, 33, 44, 56, 68, 69, 70, 71]"
images/5_40 copy 4.jpg,0,29,0,0,13,"[9, 23, 33, 44, 56, 68, 69, 70, 71]"
images/12_0 copy 5.jpg,0,30,0,0,13,"[9, 23, 33, 44, 56, 68, 69, 70, 71]"
images/15_28.jpg,0,31,0,0,13,"[9, 23, 33, 44, 56, 68, 69, 70, 71]"
images/pair01 copy 2.jpg,0,32,0,0,13,"[9, 23, 33, 44, 56, 68, 69, 70, 71]"
images/blank.jpg,0,33,1,0,13,"[9, 23, 33, 44, 56, 68, 69, 70, 71]"
images/19_28.jpg,0,34,0,0,13,"[9, 23, 33, 44, 56, 68, 69, 70, 71]"
images/14_0 copy 7.jpg,0,35,0,0,13,"[9, 23, 33, 44, 56, 68, 69, 70, 71]"
images/9_0 copy 6.jpg,0,36,0,0,13,"[9, 23, 33, 44, 56, 68, 69, 70, 71]"
images/pair01.jpg,0,37,0,0,13,"[9, 23, 33, 44, 56, 68, 69, 70, 71]"
images/12_28 copy 5.jpg,0,38,0,0,13,"[9, 23, 33, 44, 56, 68, 69, 70, 71]"
images/6_28.jpg,0,39,0,0,13,"[9, 23, 33, 44, 56, 68, 69, 70, 71]"
images/7_28 copy.jpg,0,40,0,0,13,"[9, 23, 33, 44, 56, 68, 69, 70, 71]"
images/8_28 copy.jpg,0,41,0,0,13,"[9, 23, 33, 44, 56, 68, 69, 70, 71]"
images/15_0 copy 3.jpg,0,42,0,0,13,"[9, 23, 33, 44, 56, 68, 69, 70, 71]"
images/pair01 copy 6.jpg,0,43,0,0,13,"[9, 23, 33, 44, 56, 68, 69, 70, 71]"
images/blank.jpg,0,44,1,0,13,"[9, 23, 33, 44, 56, 68, 69, 70, 71]"
images/14_28 copy.jpg,0,45,0,0,13,"[9, 23, 33, 44, 56, 68, 69, 70, 71]"
images/pair07 copy 7.jpg,0,46,0,0,13,"[9, 23, 33, 44, 56, 68, 69, 70, 71]"
images/8_12 copy 2.jpg,0,47,0,0,13,"[9, 23, 33, 44, 56, 68, 69, 70, 71]"
images/14_28 copy 3.jpg,0,48,0,0,13,"[9, 23, 33, 44, 56, 68, 69, 70, 71]"
images/14_28 copy 4.jpg,0,49,0,0,13,"[9, 23, 33, 44, 56, 68, 69, 70, 71]"
images/14_0 copy.jpg,0,50,0,0,13,"[9, 23, 33, 44, 56, 68, 69, 70, 71]"
images/7_40 copy 2.jpg,0,51,0,0,13,"[9, 23, 33, 44, 56, 68, 69, 70, 71]"
images/12_28.jpg,0,52,0,0,13,"[9, 23, 33, 44, 56, 68, 69, 70, 71]"
images/17_0 copy 5.jpg,0,53,0,0,13,"[9, 23, 33, 44, 56, 68, 69, 70, 71]"
images/17_40 copy 7.jpg,0,54,0,0,13,"[9, 23, 33, 44, 56, 68, 69, 70, 71]"
images/23_0 copy 5.jpg,0,55,0,0,13,"[9, 23, 33, 44, 56, 68, 69, 70, 71]"
images/blank.jpg,0,56,1,0,13,"[9, 23, 33, 44, 56, 68, 69, 70, 71]"
images/10_28 copy 7.jpg,0,57,0,0,13,"[9, 23, 33, 44, 56, 68, 69, 70, 71]"
images/17_40 copy.jpg,0,58,0,0,13,"[9, 23, 33, 44, 56, 68, 69, 70, 71]"
images/18_0 copy.jpg,0,59,0,0,13,"[9, 23, 33, 44, 56, 68, 69, 70, 71]"
images/10_40 copy 5.jpg,0,60,0,0,13,"[9, 23, 33, 44, 56, 68, 69, 70, 71]"
images/10_0 copy 6.jpg,0,61,0,0,13,"[9, 23, 33, 44, 56, 68, 69, 70, 71]"
images/23_28 copy 7.jpg,0,62,0,0,13,"[9, 23, 33, 44, 56, 68, 69, 70, 71]"
images/8_0.jpg,0,63,0,0,13,"[9, 23, 33, 44, 56, 68, 69, 70, 71]"
images/7_0.jpg,0,64,0,0,13,"[9, 23, 33, 44, 56, 68, 69, 70, 71]"
images/19_12 copy 3.jpg,0,65,0,0,13,"[9, 23, 33, 44, 56, 68, 69, 70, 71]"
images/22_12 copy 5.jpg,0,66,0,0,13,"[9, 23, 33, 44, 56, 68, 69, 70, 71]"
images/20_40 copy 2.jpg,0,67,0,0,13,"[9, 23, 33, 44, 56, 68, 69, 70, 71]"
images/blank.jpg,0,68,1,0,13,"[9, 23, 33, 44, 56, 68, 69, 70, 71]"
images/blank.jpg,0,69,1,0,13,"[9, 23, 33, 44, 56, 68, 69, 70, 71]"
images/blank.jpg,0,70,1,0,13,"[9, 23, 33, 44, 56, 68, 69, 70, 71]"
images/blank.jpg,0,71,1,1,13,"[9, 23, 33, 44, 56, 68, 69, 70, 71]"
images/pair13 copy 6.jpg,0,0,0,0,14,"[9, 19, 29, 39, 49, 59, 68, 69, 70, 71]"
images/23_40.jpg,0,1,0,0,14,"[9, 19, 29, 39, 49, 59, 68, 69, 70, 71]"
images/11_28 copy 4.jpg,0,2,0,0,14,"[9, 19, 29, 39, 49, 59, 68, 69, 70, 71]"
images/22_28 copy.jpg,0,3,0,0,14,"[9, 19, 29, 39, 49, 59, 68, 69, 70, 71]"
images/11_28 copy 7.jpg,0,4,0,0,14,"[9, 19, 29, 39, 49, 59, 68, 69, 70, 71]"
images/19_40 copy 4.jpg,0,5,0,0,14,"[9, 19, 29, 39, 49, 59, 68, 69, 70, 71]"
images/12_28.jpg,0,6,0,0,14,"[9, 19, 29, 39, 49, 59, 68, 69, 70, 71]"
images/5_0.jpg,0,7,0,0,14,"[9, 19, 29, 39, 49, 59, 68, 69, 70, 71]"
images/17_0 copy 3.jpg,0,8,0,0,14,"[9, 19, 29, 39, 49, 59, 68, 69, 70, 71]"
images/blank.jpg,0,9,1,0,14,"[9, 19, 29, 39, 49, 59, 68, 69, 70, 71]"
images/14_12 copy 2.jpg,0,10,0,0,14,"[9, 19, 29, 39, 49, 59, 68, 69, 70, 71]"
images/19_28 copy 4.jpg,0,11,0,0,14,"[9, 19, 29, 39, 49, 59, 68, 69, 70, 71]"
images/24_28 copy 3.jpg,0,12,0,0,14,"[9, 19, 29, 39, 49, 59, 68, 69, 70, 71]"
images/15_12 copy 5.jpg,0,13,0,0,14,"[9, 19, 29, 39, 49, 59, 68, 69, 70, 71]"
images/pair15 copy 7.jpg,0,14,0,0,14,"[9, 19, 29, 39, 49, 59, 68, 69, 70, 71]"
images/16_28 copy 3.jpg,0,15,0,0,14,"[9, 19, 29, 39, 49, 59, 68, 69, 70, 71]"
images/20_12 copy 7.jpg,0,16,0,0,14,"[9, 19, 29, 39, 49, 59, 68, 69, 70, 71]"
images/12_28 copy.jpg,0,17,0,0,14,"[9, 19, 29, 39, 49, 59, 68, 69, 70, 71]"
images/8_40 copy 5.jpg,0,18,0,0,14,"[9, 19, 29, 39, 49, 59, 68, 69, 70, 71]"
images/blank.jpg,0,19,1,0,14,"[9, 19, 29, 39, 49, 59, 68, 69, 70, 71]"
images/pair07 copy 7.jpg,0,20,0,0,14,"[9, 19, 29, 39, 49, 59, 68, 69, 70, 71]"
images/pair11 copy.jpg,0,21,0,0,14,"[9, 19, 29, 39, 49, 59, 68, 69, 70, 71]"
images/10_40 copy 6.jpg,0,22,0,0,14,"[9, 19, 29, 39, 49, 59, 68, 69, 70, 71]"
images/11_40 copy 7.jpg,0,23,0,0,14,"[9, 19, 29, 39, 49, 59, 68, 69, 70, 71]"
images/pair08 copy 6.jpg,0,24,0,0,14,"[9, 19, 29, 39, 49, 59, 68, 69, 70, 71]"
images/18_12 copy 4.jpg,0,25,0,0,14,"[9, 19, 29, 39, 49, 59, 68, 69, 70, 71]"
images/pair09 copy 4.jpg,0,26,0,0,14,"[9, 19, 29, 39, 49, 59, 68, 69, 70, 71]"
images/pair16 copy 7.jpg,0,27,0,0,14,"[9, 19, 29, 39, 49, 59, 68, 69, 70, 71]"
images/19_0 copy.jpg,0,28,0,0,14,"[9, 19, 29, 39, 49, 59, 68, 69, 70, 71]"
images/blank.jpg,0,29,1,0,14,"[9, 19, 29, 39, 49, 59, 68, 69, 70, 71]"
images/24_40 copy.jpg,0,30,0,0,14,"[9, 19, 29, 39, 49, 59, 68, 69, 70, 71]"
images/11_0 copy 2.jpg,0,31,0,0,14,"[9, 19, 29, 39, 49, 59, 68, 69, 70, 71]"
images/23_0 copy 5.jpg,0,32,0,0,14,"[9, 19, 29, 39, 49, 59, 68, 69, 70, 71]"
images/24_40 copy.jpg,0,33,0,0,14,"[9, 19, 29, 39, 49, 59, 68, 69, 70, 71]"
images/7_12 copy 3.jpg,0,34,0,0,14,"[9, 19, 29, 39, 49, 59, 68, 69, 70, 71]"
images/22_28.jpg,0,35,0,0,14,"[9, 19, 29, 39, 49, 59, 68, 69, 70, 71]"
images/20_28 copy 2.jpg,0,36,0,0,14,"[9, 19, 29, 39, 49, 59, 68, 69, 70, 71]"
images/19_12 copy 4.jpg,0,37,0,0,14,"[9, 19, 29, 39, 49, 59, 68, 69, 70, 71]"
images/20_40.jpg,0,38,0,0,14,"[9, 19, 29, 39, 49, 59, 68, 69, 70, 71]"
images/blank.jpg,0,39,1,0,14,"[9, 19, 29, 39, 49, 59, 68, 69, 70, 71]"
images/13_40.jpg,0,40,0,0,14,"[9, 19, 29, 39, 49, 59, 68, 69, 70, 71]"
images/pair02 copy 3.jpg,0,41,0,0,14,"[9, 19, 29, 39, 49, 59, 68, 69, 70, 71]"
images/16_12.jpg,0,42,0,0,14,"[9, 19, 29, 39, 49, 59, 68, 69, 70, 71]"
images/5_12 copy 7.jpg,0,43,0,0,14,"[9, 19, 29, 39, 49, 59, 68, 69, 70, 71]"
images/24_12 copy 7.jpg,0,44,0,0,14,"[9, 19, 29, 39, 49, 59, 68, 69, 70, 71]"
images/19_28.jpg,0,45,0,0,14,"[9, 19, 29, 39, 49, 59, 68, 69, 70, 71]"
images/9_40.jpg,0,46,0,0,14,"[9, 19, 29, 39, 49, 59, 68, 69, 70, 71]"
images/19_28 copy 3.jpg,0,47,0,0,14,"[9, 19, 29, 39, 49, 59, 68, 69, 70, 71]"
images/16_12 copy.jpg,0,48,0,0,14,"[9, 19, 29, 39, 49, 59, 68, 69, 70, 71]"
images/blank.jpg,0,49,1,0,14,"[9, 19, 29, 39, 49, 59, 68, 69, 70, 71]"
images/5_0 copy 6.jpg,0,50,0,0,14,"[9, 19, 29, 39, 49, 59, 68, 69, 70, 71]"
images/12_28 copy 4.jpg,0,51,0,0,14,"[9, 19, 29, 39, 49, 59, 68, 69, 70, 71]"
images/pair02 copy.jpg,0,52,0,0,14,"[9, 19, 29, 39, 49, 59, 68, 69, 70, 71]"
images/20_0 copy 6.jpg,0,53,0,0,14,"[9, 19, 29, 39, 49, 59, 68, 69, 70, 71]"
images/9_28 copy 5.jpg,0,54,0,0,14,"[9, 19, 29, 39, 49, 59, 68, 69, 70, 71]"
images/5_28 copy 6.jpg,0,55,0,0,14,"[9, 19, 29, 39, 49, 59, 68, 69, 70, 71]"
images/8_12 copy.jpg,0,56,0,0,14,"[9, 19, 29, 39, 49, 59, 68, 69, 70, 71]"
images/13_0 copy 7.jpg,0,57,0,0,14,"[9, 19, 29, 39, 49, 59, 68, 69, 70, 71]"
images/pair05 copy 6.jpg,0,58,0,0,14,"[9, 19, 29, 39, 49, 59, 68, 69, 70, 71]"
images/blank.jpg,0,59,1,0,14,"[9, 19, 29, 39, 49, 59, 68, 69, 70, 71]"
images/22_0 copy 3.jpg,0,60,0,0,14,"[9, 19, 29, 39, 49, 59, 68, 69, 70, 71]"
images/10_40 copy 4.jpg,0,61,0,0,14,"[9, 19, 29, 39, 49, 59, 68, 69, 70, 71]"
images/5_40 copy 5.jpg,0,62,0,0,14,"[9, 19, 29, 39, 49, 59, 68, 69, 70, 71]"
images/pair13 copy 3.jpg,0,63,0,0,14,"[9, 19, 29, 39, 49, 59, 68, 69, 70, 71]"
images/7_0 copy 6.jpg,0,64,0,0,14,"[9, 19, 29, 39, 49, 59, 68, 69, 70, 71]"
images/6_0.jpg,0,65,0,0,14,"[9, 19, 29, 39, 49, 59, 68, 69, 70, 71]"
images/13_40.jpg,0,66,0,0,14,"[9, 19, 29, 39, 49, 59, 68, 69, 70, 71]"
images/24_40 copy 4.jpg,0,67,0,0,14,"[9, 19, 29, 39, 49, 59, 68, 69, 70, 71]"
images/blank.jpg,0,68,1,0,14,"[9, 19, 29, 39, 49, 59, 68, 69, 70, 71]"
images/blank.jpg,0,69,1,0,14,"[9, 19, 29, 39, 49, 59, 68, 69, 70, 71]"
images/blank.jpg,0,70,1,0,14,"[9, 19, 29, 39, 49, 59, 68, 69, 70, 71]"
images/blank.jpg,0,71,1,1,14,"[9, 19, 29, 39, 49, 59, 68, 69, 70, 71]"
images/7_40 copy.jpg,0,0,0,0,15,"[9, 21, 31, 45, 56, 68, 69, 70, 71]"
images/14_0 copy 4.jpg,0,1,0,0,15,"[9, 21, 31, 45, 56, 68, 69, 70, 71]"
images/21_28 copy 7.jpg,0,2,0,0,15,"[9, 21, 31, 45, 56, 68, 69, 70, 71]"
images/17_40.jpg,0,3,0,0,15,"[9, 21, 31, 45, 56, 68, 69, 70, 71]"
images/pair09 copy 7.jpg,0,4,0,0,15,"[9, 21, 31, 45, 56, 68, 69, 70, 71]"
images/5_40.jpg,0,5,0,0,15,"[9, 21, 31, 45, 56, 68, 69, 70, 71]"
images/17_40 copy 2.jpg,0,6,0,0,15,"[9, 21, 31, 45, 56, 68, 69, 70, 71]"
images/13_12.jpg,0,7,0,0,15,"[9, 21, 31, 45, 56, 68, 69, 70, 71]"
images/24_12 copy 4.jpg,0,8,0,0,15,"[9, 21, 31, 45, 56, 68, 69, 70, 71]"
images/blank.jpg,0,9,1,0,15,"[9, 21, 31, 45, 56, 68, 69, 70, 71]"
images/pair10.jpg,0,10,0,0,15,"[9, 21, 31, 45, 56, 68, 69, 70, 71]"
images/10_0 copy 6.jpg,0,11,0,0,15,"[9, 21, 31, 45, 56, 68, 69, 70, 71]"
images/23_12 copy.jpg,0,12,0,0,15,"[9, 21, 31, 45, 56, 68, 69, 70, 71]"
images/15_0 copy 5.jpg,0,13,0,0,15,"[9, 21, 31, 45, 56, 68, 69, 70, 71]"
images/21_40 copy 2.jpg,0,14,0,0,15,"[9, 21, 31, 45, 56, 68, 69, 70, 71]"
images/.DS_Store,0,15,0,0,15,"[9, 21, 31, 45, 56, 68, 69, 70, 71]"
images/19_0 copy 2.jpg,0,16,0,0,15,"[9, 21, 31, 45, 56, 68, 69, 70, 71]"
images/pair11 copy 4.jpg,0,17,0,0,15,"[9, 21, 31, 45, 56, 68, 69, 70, 71]"
images/pair14 copy 7.jpg,0,18,0,0,15,"[9, 21, 31, 45, 56, 68, 69, 70, 71]"
images/16_28 copy 5.jpg,0,19,0,0,15,"[9, 21, 31, 45, 56, 68, 69, 70, 71]"
images/12_0 copy 3.jpg,0,20,0,0,15,"[9, 21, 31, 45, 56, 68, 69, 70, 71]"
images/blank.jpg,0,21,1,0,15,"[9, 21, 31, 45, 56, 68, 69, 70, 71]"
images/11_0 copy 2.jpg,0,22,0,0,15,"[9, 21, 31, 45, 56, 68, 69, 70, 71]"
images/pair05 copy.jpg,0,23,0,0,15,"[9, 21, 31, 45, 56, 68, 69, 70, 71]"
images/pair07 copy 6.jpg,0,24,0,0,15,"[9, 21, 31, 45, 56, 68, 69, 70, 71]"
images/7_0 copy.jpg,0,25,0,0,15,"[9, 21, 31, 45, 56, 68, 69, 70, 71]"
images/20_0 copy 5.jpg,0,26,0,0,15,"[9, 21, 31, 45, 56, 68, 69, 70, 71]"
images/9_12 copy 3.jpg,0,27,0,0,15,"[9, 21, 31, 45, 56, 68, 69, 70, 71]"
images/18_0 copy 2.jpg,0,28,0,0,15,"[9, 21, 31, 45, 56, 68, 69, 70, 71]"
images/pair07.jpg,0,29,0,0,15,"[9, 21, 31, 45, 56, 68, 69, 70, 71]"
images/9_28 copy 5.jpg,0,30,0,0,15,"[9, 21, 31, 45, 56, 68, 69, 70, 71]"
images/blank.jpg,0,31,1,0,15,"[9, 21, 31, 45, 56, 68, 69, 70, 71]"
images/9_40 copy 7.jpg,0,32,0,0,15,"[9, 21, 31, 45, 56, 68, 69, 70, 71]"
images/21_0 copy.jpg,0,33,0,0,15,"[9, 21, 31, 45, 56, 68, 69, 70, 71]"
images/7_40 copy 2.jpg,0,34,0,0,15,"[9, 21, 31, 45, 56, 68, 69, 70, 71]"
images/8_28 copy 6.jpg,0,35,0,0,15,"[9, 21, 31, 45, 56, 68, 69, 70, 71]"
images/14_0.jpg,0,36,0,0,15,"[9, 21, 31, 45, 56, 68, 69, 70, 71]"
images/14_0 copy.jpg,0,37,0,0,15,"[9, 21, 31, 45, 56, 68, 69, 70, 71]"
images/pair02 copy 2.jpg,0,38,0,0,15,"[9, 21, 31, 45, 56, 68, 69, 70, 71]"
images/21_0.jpg,0,39,0,0,15,"[9, 21, 31, 45, 56, 68, 69, 70, 71]"
images/22_28 copy 6.jpg,0,40,0,0,15,"[9, 21, 31, 45, 56, 68, 69, 70, 71]"
images/23_28 copy 7.jpg,0,41,0,0,15,"[9, 21, 31, 45, 56, 68, 69, 70, 71]"
images/9_12 copy 2.jpg,0,42,0,0,15,"[9, 21, 31, 45, 56, 68, 69, 70, 71]"
images/pair17 copy 4.jpg,0,43,0,0,15,"[9, 21, 31, 45, 56, 68, 69, 70, 71]"
images/5_12 copy 3.jpg,0,44,0,0,15,"[9, 21, 31, 45, 56, 68, 69, 70, 71]"
images/blank.jpg,0,45,1,0,15,"[9, 21, 31, 45, 56, 68, 69, 70, 71]"
images/14_12 copy 3.jpg,0,46,0,0,15,"[9, 21, 31, 45, 56, 68, 69, 70, 71]"
images/20_28.jpg,0,47,0,0,15,"[9, 21, 31, 45, 56, 68, 69, 70, 71]"
images/20_40 copy 4.jpg,0,48,0,0,15,"[9, 21, 31, 45, 56, 68, 69, 70, 71]"
images/17_40 copy 3.jpg,0,49,0,0,15,"[9, 21, 31, 45, 56, 68, 69, 70, 71]"
images/19_12 copy 5.jpg,0,50,0,0,15,"[9, 21, 31, 45, 56, 68, 69, 70, 71]"
images/12_12 copy.jpg,0,51,0,0,15,"[9, 21, 31, 45, 56, 68, 69, 70, 71]"
images/15_0 copy 2.jpg,0,52,0,0,15,"[9, 21, 31, 45, 56, 68, 69, 70, 71]"
images/16_0 copy 7.jpg,0,53,0,0,15,"[9, 21, 31, 45, 56, 68, 69, 70, 71]"
images/11_28 copy 3.jpg,0,54,0,0,15,"[9, 21, 31, 45, 56, 68, 69, 70, 71]"
images/7_12.jpg,0,55,0,0,15,"[9, 21, 31, 45, 56, 68, 69, 70, 71]"
images/blank.jpg,0,56,1,0,15,"[9, 21, 31, 45, 56, 68, 69, 70, 71]"
images/12_0 copy 4.jpg,0,57,0,0,15,"[9, 21, 31, 45, 56, 68, 69, 70, 71]"
images/10_28 copy 3.jpg,0,58,0,0,15,"[9, 21, 31, 45, 56, 68, 69, 70, 71]"
images/pair01 copy 2.jpg,0,59,0,0,15,"[9, 21, 31, 45, 56, 68, 69, 70, 71]"
images/20_12 copy 5.jpg,0,60,0,0,15,"[9, 21, 31, 45, 56, 68, 69, 70, 71]"
images/9_0.jpg,0,61,0,0,15,"[9, 21, 31, 45, 56, 68, 69, 70, 71]"
images/pair02 copy 5.jpg,0,62,0,0,15,"[9, 21, 31, 45, 56, 68, 69, 70, 71]"
images/10_28 copy 5.jpg,0,63,0,0,15,"[9, 21, 31, 45, 56, 68, 69, 70, 71]"
images/14_0 copy 2.jpg,0,64,0,0,15,"[9, 21, 31, 45, 56, 68, 69, 70, 71]"
images/11_0 copy 6.jpg,0,65,0,0,15,"[9, 21, 31, 45, 56, 68, 69, 70, 71]"
images/9_0 copy.jpg,0,66,0,0,15,"[9, 21, 31, 45, 56, 68, 69, 70, 71]"
images/5_28 copy 4.jpg,0,67,0,0,15,"[9, 21, 31, 45, 56, 68, 69, 70, 71]"
images/blank.jpg,0,68,1,0,15,"[9, 21, 31, 45, 56, 68, 69, 70, 71]"
images/blank.jpg,0,69,1,0,15,"[9, 21, 31, 45, 56, 68, 69, 70, 71]"
images/blank.jpg,0,70,1,0,15,"[9, 21, 31, 45, 56, 68, 69, 70, 71]"
images/blank.jpg,0,71,1,1,15,"[9, 21, 31, 45, 56, 68, 69, 70, 71]"
